"squadraa,""squadraa_xg"",""squadraa_xag"",""squadraa_xgxag"",""squadraa_npzxg"",""squadraa_npxgxag"",""avversarioa_xg"",""avversarioa_xag"",""avversarioa_xgxag"",""avversarioa_npzxg"",""avversarioa_npxgxag"",""squadrab"",""squadrab_xg"",""squadrab_xag"",""squadrab_xgxag"",""squadrab_npzxg"",""squadrab_npxgxag"",""avversariob_xg"",""avversariob_xag"",""avversariob_xgxag"",""avversariob_npzxg"",""avversariob_npxgxag"",""risultato"""
"Inter,""1.95"",""1.38"",""3.34"",""1.77"",""3.15"",""1.05"",""0.68"",""1.73"",""0.90"",""1.58"",""Milan"",""1.86"",""1.15"",""3.02"",""1.47"",""2.63"",""1.24"",""0.88"",""2.11"",""1.14"",""2.01"",""2"""
"Inter,""1.95"",""1.38"",""3.34"",""1.77"",""3.15"",""1.05"",""0.68"",""1.73"",""0.90"",""1.58"",""Atalanta"",""1.97"",""1.46"",""3.43"",""1.82"",""3.28"",""1.08"",""0.68"",""1.76"",""0.91"",""1.60"",""1"""
"Inter,""1.95"",""1.38"",""3.34"",""1.77"",""3.15"",""1.05"",""0.68"",""1.73"",""0.90"",""1.58"",""Juventus"",""1.96"",""1.45"",""3.41"",""1.76"",""3.21"",""1.04"",""0.66"",""1.69"",""0.85"",""1.51,""1"""
"Inter,""1.95"",""1.38"",""3.34"",""1.77"",""3.15"",""1.05"",""0.68"",""1.73"",""0.90"",""1.58"",""Napoli"",""1.78"",""1.23"",""3.02"",""1.62"",""2.85"",""1.12"",""0.73"",""1.85"",""1.02"",""1.75"",""1"""
"Inter,""1.95"",""1.38"",""3.34"",""1.77"",""3.15"",""1.05"",""0.68"",""1.73"",""0.90"",""1.58"",""Lazio"",""1.53"",""1.04"",""2.57"",""1.33"",""2.37"",""1.24"",""0.75"",""2.00"",""1.02"",""1.78"",""1"""
"Inter,""1.95"",""1.38"",""3.34"",""1.77"",""3.15"",""1.05"",""0.68"",""1.73"",""0.90"",""1.58"",""Roma"",""1.72"",""1.27"",""2.98"",""1.55"",""2.82"",""1.20"",""0.80"",""2.00"",""1.08"",""1.88"",""1"""
"Inter,""1.95"",""1.38"",""3.34"",""1.77"",""3.15"",""1.05"",""0.68"",""1.73"",""0.90"",""1.58"",""Sassuolo"",""1.54"",""0.90"",""2.43"",""1.26"",""2.15"",""1.46"",""1.09"",""2.55"",""1.36"",""2.45"",""1"""
"Inter,""1.95"",""1.38"",""3.34"",""1.77"",""3.15"",""1.05"",""0.68"",""1.73"",""0.90"",""1.58"",""Sampdoria"",""1.20"",""0.84"",""2.04"",""1.08"",""1.92"",""1.48"",""0.94"",""2.42"",""1.29"",""2.24"",""1"""
"Inter,""1.95"",""1.38"",""3.34"",""1.77"",""3.15"",""1.05"",""0.68"",""1.73"",""0.90"",""1.58"",""Hellas Verona"",""1.19"",""0.88"",""2.08"",""1.13"",""2.01"",""1.30"",""0.86"",""2.16"",""1.17"",""2.03"",""1"""
"Inter,""1.95"",""1.38"",""3.34"",""1.77"",""3.15"",""1.05"",""0.68"",""1.73"",""0.90"",""1.58"",""Genoa"",""1.02"",""0.69"",""1.72"",""0.94"",""1.63"",""1.59"",""1.15"",""2.74"",""1.46"",""2.61"",""1"""
"Inter,""1.95"",""1.38"",""3.34"",""1.77"",""3.15"",""1.05"",""0.68"",""1.73"",""0.90"",""1.58"",""Bologna"",""1.44"",""1.03"",""2.47"",""1.34"",""2.37"",""1.65"",""1.13"",""2.77"",""1.48"",""2.60"",""1"""
"Inter,""1.95"",""1.38"",""3.34"",""1.77"",""3.15"",""1.05"",""0.68"",""1.73"",""0.90"",""1.58"",""Fiorentina"",""1.18"",""0.83"",""2.01"",""1.06"",""1.89"",""1.62"",""1.14"",""2.75"",""1.39"",""2.53"",""1"""
"Inter,""1.95"",""1.38"",""3.34"",""1.77"",""3.15"",""1.05"",""0.68"",""1.73"",""0.90"",""1.58"",""Udinese"",""1.20"",""0.79"",""1.99"",""1.13"",""1.92"",""1.38"",""0.87"",""2.25"",""1.11"",""1.97"",""1"""
"Inter,""1.95"",""1.38"",""3.34"",""1.77"",""3.15"",""1.05"",""0.68"",""1.73"",""0.90"",""1.58"",""Spezia"",""1.23"",""0.82"",""2.05"",""1.12"",""1.94"",""1.71"",""1.17"",""2.88"",""1.51"",""2.68"",""1"""
"Inter,""1.95"",""1.38"",""3.34"",""1.77"",""3.15"",""1.05"",""0.68"",""1.73"",""0.90"",""1.58"",""Cagliari"",""1.24"",""0.90"",""2.14"",""1.14"",""2.04"",""1.62"",""1.24"",""2.86"",""1.52"",""2.76"",""1"""
"Inter,""1.95"",""1.38"",""3.34"",""1.77"",""3.15"",""1.05"",""0.68"",""1.73"",""0.90"",""1.58"",""Torino"",""1.32"",""0.85"",""2.16"",""1.19"",""2.04"",""1.63"",""1.09"",""2.72"",""1.43"",""2.52"",""1"""
"Inter,""1.95"",""1.38"",""3.34"",""1.77"",""3.15"",""1.05"",""0.68"",""1.73"",""0.90"",""1.58"",""Benevento"",""1.07"",""0.73"",""1.79"",""0.92"",""1.65"",""1.69"",""1.22"",""2.91"",""1.59"",""2.81"",""1"""
"Inter,""1.95"",""1.38"",""3.34"",""1.77"",""3.15"",""1.05"",""0.68"",""1.73"",""0.90"",""1.58"",""Crotone"",""1.06"",""0.63"",""1.69"",""0.88"",""1.51"",""1.86"",""1.38"",""3.24"",""1.76"",""3.14"",""1"""
"Inter,""1.95"",""1.38"",""3.34"",""1.77"",""3.15"",""1.05"",""0.68"",""1.73"",""0.90"",""1.58"",""Parma"",""1.12"",""0.80"",""1.92"",""1.01"",""1.82"",""1.60"",""1.23"",""2.83"",""1.55"",""2.78"",""X"""
"Milan,""1.86"",""1.15"",""3.02"",""1.47"",""2.63"",""1.24"",""0.88"",""2.11"",""1.14"",""2.01"",""Inter"",""1.95"",""1.38"",""3.34"",""1.77"",""3.15"",""1.05"",""0.68"",""1.73"",""0.90"",""1.58"",""2"""
"Milan,""1.86"",""1.15"",""3.02"",""1.47"",""2.63"",""1.24"",""0.88"",""2.11"",""1.14"",""2.01"",""Atalanta"",""1.97"",""1.46"",""3.43"",""1.82"",""3.28"",""1.08"",""0.68"",""1.76"",""0.91"",""1.60"",""2"""
"Milan,""1.86"",""1.15"",""3.02"",""1.47"",""2.63"",""1.24"",""0.88"",""2.11"",""1.14"",""2.01"",""Juventus"",""1.96"",""1.45"",""3.41"",""1.76"",""3.21"",""1.04"",""0.66"",""1.69"",""0.85"",""1.51"",""2"""
"Milan,""1.86"",""1.15"",""3.02"",""1.47"",""2.63"",""1.24"",""0.88"",""2.11"",""1.14"",""2.01"",""Napoli"",""1.78"",""1.23"",""3.02"",""1.62"",""2.85"",""1.12"",""0.73"",""1.85"",""1.02"",""1.75"",""2"""
"Milan,""1.86"",""1.15"",""3.02"",""1.47"",""2.63"",""1.24"",""0.88"",""2.11"",""1.14"",""2.01"",""Lazio"",""1.53"",""1.04"",""2.57"",""1.33"",""2.37"",""1.24"",""0.75"",""2.00"",""1.02"",""1.78"",""1"""
"Milan,""1.86"",""1.15"",""3.02"",""1.47"",""2.63"",""1.24"",""0.88"",""2.11"",""1.14"",""2.01"",""Roma"",""1.72"",""1.27"",""2.98"",""1.55"",""2.82"",""1.20"",""0.80"",""2.00"",""1.08"",""1.88"",""X"""
"Milan,""1.86"",""1.15"",""3.02"",""1.47"",""2.63"",""1.24"",""0.88"",""2.11"",""1.14"",""2.01"",""Sassuolo"",""1.54"",""0.90"",""2.43"",""1.26"",""2.15"",""1.46"",""1.09"",""2.55"",""1.36"",""2.45"",""2"""
"Milan,""1.86"",""1.15"",""3.02"",""1.47"",""2.63"",""1.24"",""0.88"",""2.11"",""1.14"",""2.01"",""Sampdoria"",""1.20"",""0.84"",""2.04"",""1.08"",""1.92"",""1.48"",""0.94"",""2.42"",""1.29"",""2.24"",""X"""
"Milan,""1.86"",""1.15"",""3.02"",""1.47"",""2.63"",""1.24"",""0.88"",""2.11"",""1.14"",""2.01"",""Hellas Verona"",""1.19"",""0.88"",""2.08"",""1.13"",""2.01"",""1.30"",""0.86"",""2.16"",""1.17"",""2.03"",""X"""
"Milan,""1.86"",""1.15"",""3.02"",""1.47"",""2.63"",""1.24"",""0.88"",""2.11"",""1.14"",""2.01"",""Genoa"",""1.02"",""0.69"",""1.72"",""0.94"",""1.63"",""1.59"",""1.15"",""2.74"",""1.46"",""2.61"",""1"""
"Milan,""1.86"",""1.15"",""3.02"",""1.47"",""2.63"",""1.24"",""0.88"",""2.11"",""1.14"",""2.01"",""Bologna"",""1.44"",""1.03"",""2.47"",""1.34"",""2.37"",""1.65"",""1.13"",""2.77"",""1.48"",""2.60"",""1"""
"Milan,""1.86"",""1.15"",""3.02"",""1.47"",""2.63"",""1.24"",""0.88"",""2.11"",""1.14"",""2.01"",""Fiorentina"",""1.18"",""0.83"",""2.01"",""1.06"",""1.89"",""1.62"",""1.14"",""2.75"",""1.39"",""2.53"",""1"""
"Milan,""1.86"",""1.15"",""3.02"",""1.47"",""2.63"",""1.24"",""0.88"",""2.11"",""1.14"",""2.01"",""Udinese"",""1.20"",""0.79"",""1.99"",""1.13"",""1.92"",""1.38"",""0.87"",""2.25"",""1.11"",""1.97"",""X"""
"Milan,""1.86"",""1.15"",""3.02"",""1.47"",""2.63"",""1.24"",""0.88"",""2.11"",""1.14"",""2.01"",""Spezia"",""1.23"",""0.82"",""2.05"",""1.12"",""1.94"",""1.71"",""1.17"",""2.88"",""1.51"",""2.68"",""1"""
"Milan,""1.86"",""1.15"",""3.02"",""1.47"",""2.63"",""1.24"",""0.88"",""2.11"",""1.14"",""2.01"",""Cagliari"",""1.24"",""0.90"",""2.14"",""1.14"",""2.04"",""1.62"",""1.24"",""2.86"",""1.52"",""2.76"",""X"""
"Milan,""1.86"",""1.15"",""3.02"",""1.47"",""2.63"",""1.24"",""0.88"",""2.11"",""1.14"",""2.01"",""Torino"",""1.32"",""0.85"",""2.16"",""1.19"",""2.04"",""1.63"",""1.09"",""2.72"",""1.43"",""2.52"",""1"""
"Milan,""1.86"",""1.15"",""3.02"",""1.47"",""2.63"",""1.24"",""0.88"",""2.11"",""1.14"",""2.01"",""Benevento"",""1.07"",""0.73"",""1.79"",""0.92"",""1.65"",""1.69"",""1.22"",""2.91"",""1.59"",""2.81"",""1"""
"Milan,""1.86"",""1.15"",""3.02"",""1.47"",""2.63"",""1.24"",""0.88"",""2.11"",""1.14"",""2.01"",""Crotone"",""1.06"",""0.63"",""1.69"",""0.88"",""1.51"",""1.86"",""1.38"",""3.24"",""1.76"",""3.14"",""1"""
"Milan,""1.86"",""1.15"",""3.02"",""1.47"",""2.63"",""1.24"",""0.88"",""2.11"",""1.14"",""2.01"",""Parma"",""1.12"",""0.80"",""1.92"",""1.01"",""1.82"",""1.60"",""1.23"",""2.83"",""1.55"",""2.78"",""X"""
"Atalanta,""1.97"",""1.46"",""3.43"",""1.82"",""3.28"",""1.08"",""0.68"",""1.76"",""0.91"",""1.60"",""Inter"",""1.95"",""1.38"",""3.34"",""1.77"",""3.15"",""1.05"",""0.68"",""1.73"",""0.90"",""1.58"",""X"""
"Atalanta,""1.97"",""1.46"",""3.43"",""1.82"",""3.28"",""1.08"",""0.68"",""1.76"",""0.91"",""1.60"",""Milan"",""1.86"",""1.15"",""3.02"",""1.47"",""2.63"",""1.24"",""0.88"",""2.11"",""1.14"",""2.01"",""2"""
"Atalanta,""1.97"",""1.46"",""3.43"",""1.82"",""3.28"",""1.08"",""0.68"",""1.76"",""0.91"",""1.60"",""Juventus"",""1.96"",""1.45"",""3.41"",""1.76"",""3.21"",""1.04"",""0.66"",""1.69"",""0.85"",""1.51"",""1"""
"Atalanta,""1.97"",""1.46"",""3.43"",""1.82"",""3.28"",""1.08"",""0.68"",""1.76"",""0.91"",""1.60"",""Napoli"",""1.78"",""1.23"",""3.02"",""1.62"",""2.85"",""1.12"",""0.73"",""1.85"",""1.02"",""1.75"",""1"""
"Atalanta,""1.97"",""1.46"",""3.43"",""1.82"",""3.28"",""1.08"",""0.68"",""1.76"",""0.91"",""1.60"",""Lazio"",""1.53"",""1.04"",""2.57"",""1.33"",""2.37"",""1.24"",""0.75"",""2.00"",""1.02"",""1.78"",""2"""
"Atalanta,""1.97"",""1.46"",""3.43"",""1.82"",""3.28"",""1.08"",""0.68"",""1.76"",""0.91"",""1.60"",""Roma"",""1.72"",""1.27"",""2.98"",""1.55"",""2.82"",""1.20"",""0.80"",""2.00"",""1.08"",""1.88"",""1"""
"Atalanta,""1.97"",""1.46"",""3.43"",""1.82"",""3.28"",""1.08"",""0.68"",""1.76"",""0.91"",""1.60"",""Sassuolo"",""1.54"",""0.90"",""2.43"",""1.26"",""2.15"",""1.46"",""1.09"",""2.55"",""1.36"",""2.45"",""1"""
"Atalanta,""1.97"",""1.46"",""3.43"",""1.82"",""3.28"",""1.08"",""0.68"",""1.76"",""0.91"",""1.60"",""Sampdoria"",""1.20"",""0.84"",""2.04"",""1.08"",""1.92"",""1.48"",""0.94"",""2.42"",""1.29"",""2.24"",""2"""
"Atalanta,""1.97"",""1.46"",""3.43"",""1.82"",""3.28"",""1.08"",""0.68"",""1.76"",""0.91"",""1.60"",""Hellas Verona"",""1.19"",""0.88"",""2.08"",""1.13"",""2.01"",""1.30"",""0.86"",""2.16"",""1.17"",""2.03"",""2"""
"Atalanta,""1.97"",""1.46"",""3.43"",""1.82"",""3.28"",""1.08"",""0.68"",""1.76"",""0.91"",""1.60"",""Genoa"",""1.02"",""0.69"",""1.72"",""0.94"",""1.63"",""1.59"",""1.15"",""2.74"",""1.46"",""2.61"",""X"""
"Atalanta,""1.97"",""1.46"",""3.43"",""1.82"",""3.28"",""1.08"",""0.68"",""1.76"",""0.91"",""1.60"",""Bologna"",""1.44"",""1.03"",""2.47"",""1.34"",""2.37"",""1.65"",""1.13"",""2.77"",""1.48"",""2.60"",""1"""
"Atalanta,""1.97"",""1.46"",""3.43"",""1.82"",""3.28"",""1.08"",""0.68"",""1.76"",""0.91"",""1.60"",""Fiorentina"",""1.18"",""0.83"",""2.01"",""1.06"",""1.89"",""1.62"",""1.14"",""2.75"",""1.39"",""2.53"",""1"""
"Atalanta,""1.97"",""1.46"",""3.43"",""1.82"",""3.28"",""1.08"",""0.68"",""1.76"",""0.91"",""1.60"",""Udinese"",""1.20"",""0.79"",""1.99"",""1.13"",""1.92"",""1.38"",""0.87"",""2.25"",""1.11"",""1.97"",""1"""
"Atalanta,""1.97"",""1.46"",""3.43"",""1.82"",""3.28"",""1.08"",""0.68"",""1.76"",""0.91"",""1.60"",""Spezia"",""1.23"",""0.82"",""2.05"",""1.12"",""1.94"",""1.71"",""1.17"",""2.88"",""1.51"",""2.68"",""1"""
"Atalanta,""1.97"",""1.46"",""3.43"",""1.82"",""3.28"",""1.08"",""0.68"",""1.76"",""0.91"",""1.60"",""Cagliari"",""1.24"",""0.90"",""2.14"",""1.14"",""2.04"",""1.62"",""1.24"",""2.86"",""1.52"",""2.76"",""1"""
"Atalanta,""1.97"",""1.46"",""3.43"",""1.82"",""3.28"",""1.08"",""0.68"",""1.76"",""0.91"",""1.60"",""Torino"",""1.32"",""0.85"",""2.16"",""1.19"",""2.04"",""1.63"",""1.09"",""2.72"",""1.43"",""2.52"",""X"""
"Atalanta,""1.97"",""1.46"",""3.43"",""1.82"",""3.28"",""1.08"",""0.68"",""1.76"",""0.91"",""1.60"",""Benevento"",""1.07"",""0.73"",""1.79"",""0.92"",""1.65"",""1.69"",""1.22"",""2.91"",""1.59"",""2.81"",""1"""
"Atalanta,""1.97"",""1.46"",""3.43"",""1.82"",""3.28"",""1.08"",""0.68"",""1.76"",""0.91"",""1.60"",""Crotone"",""1.06"",""0.63"",""1.69"",""0.88"",""1.51"",""1.86"",""1.38"",""3.24"",""1.76"",""3.14"",""1"""
"Atalanta,""1.97"",""1.46"",""3.43"",""1.82"",""3.28"",""1.08"",""0.68"",""1.76"",""0.91"",""1.60"",""Parma"",""1.12"",""0.80"",""1.92"",""1.01"",""1.82"",""1.60"",""1.23"",""2.83"",""1.55"",""2.78"",""1"""
"Juventus,""1.96"",""1.45"",""3.41"",""1.76"",""3.21"",""1.04"",""0.66"",""1.69"",""0.85"",""1.51"",""Inter"",""1.95"",""1.38"",""3.34"",""1.77"",""3.15"",""1.05"",""0.68"",""1.73"",""0.90"",""1.58"",""1"""
"Juventus,""1.96"",""1.45"",""3.41"",""1.76"",""3.21"",""1.04"",""0.66"",""1.69"",""0.85"",""1.51"",""Milan"",""1.86"",""1.15"",""3.02"",""1.47"",""2.63"",""1.24"",""0.88"",""2.11"",""1.14"",""2.01"",""2"""
"Juventus,""1.96"",""1.45"",""3.41"",""1.76"",""3.21"",""1.04"",""0.66"",""1.69"",""0.85"",""1.51"",""Atalanta"",""1.97"",""1.46"",""3.43"",""1.82"",""3.28"",""1.08"",""0.68"",""1.76"",""0.91"",""1.60"",""X"""
"Juventus,""1.96"",""1.45"",""3.41"",""1.76"",""3.21"",""1.04"",""0.66"",""1.69"",""0.85"",""1.51"",""Napoli"",""1.78"",""1.23"",""3.02"",""1.62"",""2.85"",""1.12"",""0.73"",""1.85"",""1.02"",""1.75"",""1"""
"Juventus,""1.96"",""1.45"",""3.41"",""1.76"",""3.21"",""1.04"",""0.66"",""1.69"",""0.85"",""1.51"",""Lazio"",""1.53"",""1.04"",""2.57"",""1.33"",""2.37"",""1.24"",""0.75"",""2.00"",""1.02"",""1.78"",""1"""
"Juventus,""1.96"",""1.45"",""3.41"",""1.76"",""3.21"",""1.04"",""0.66"",""1.69"",""0.85"",""1.51"",""Roma"",""1.72"",""1.27"",""2.98"",""1.55"",""2.82"",""1.20"",""0.80"",""2.00"",""1.08"",""1.88"",""1"""
"Juventus,""1.96"",""1.45"",""3.41"",""1.76"",""3.21"",""1.04"",""0.66"",""1.69"",""0.85"",""1.51"",""Sassuolo"",""1.54"",""0.90"",""2.43"",""1.26"",""2.15"",""1.46"",""1.09"",""2.55"",""1.36"",""2.45"",""1"""
"Juventus,""1.96"",""1.45"",""3.41"",""1.76"",""3.21"",""1.04"",""0.66"",""1.69"",""0.85"",""1.51"",""Sampdoria"",""1.20"",""0.84"",""2.04"",""1.08"",""1.92"",""1.48"",""0.94"",""2.42"",""1.29"",""2.24"",""1"""
"Juventus,""1.96"",""1.45"",""3.41"",""1.76"",""3.21"",""1.04"",""0.66"",""1.69"",""0.85"",""1.51"",""Hellas Verona"",""1.19"",""0.88"",""2.08"",""1.13"",""2.01"",""1.30"",""0.86"",""2.16"",""1.17"",""2.03"",""X"""
"Juventus,""1.96"",""1.45"",""3.41"",""1.76"",""3.21"",""1.04"",""0.66"",""1.69"",""0.85"",""1.51"",""Genoa"",""1.02"",""0.69"",""1.72"",""0.94"",""1.63"",""1.59"",""1.15"",""2.74"",""1.46"",""2.61"",""1"""
"Juventus,""1.96"",""1.45"",""3.41"",""1.76"",""3.21"",""1.04"",""0.66"",""1.69"",""0.85"",""1.51"",""Bologna"",""1.44"",""1.03"",""2.47"",""1.34"",""2.37"",""1.65"",""1.13"",""2.77"",""1.48"",""2.60"",""1"""
"Juventus,""1.96"",""1.45"",""3.41"",""1.76"",""3.21"",""1.04"",""0.66"",""1.69"",""0.85"",""1.51"",""Fiorentina"",""1.18"",""0.83"",""2.01"",""1.06"",""1.89"",""1.62"",""1.14"",""2.75"",""1.39"",""2.53"",""2"""
"Juventus,""1.96"",""1.45"",""3.41"",""1.76"",""3.21"",""1.04"",""0.66"",""1.69"",""0.85"",""1.51"",""Udinese"",""1.20"",""0.79"",""1.99"",""1.13"",""1.92"",""1.38"",""0.87"",""2.25"",""1.11"",""1.97"",""1"""
"Juventus,""1.96"",""1.45"",""3.41"",""1.76"",""3.21"",""1.04"",""0.66"",""1.69"",""0.85"",""1.51"",""Spezia"",""1.23"",""0.82"",""2.05"",""1.12"",""1.94"",""1.71"",""1.17"",""2.88"",""1.51"",""2.68"",""1"""
"Juventus,""1.96"",""1.45"",""3.41"",""1.76"",""3.21"",""1.04"",""0.66"",""1.69"",""0.85"",""1.51"",""Cagliari"",""1.24"",""0.90"",""2.14"",""1.14"",""2.04"",""1.62"",""1.24"",""2.86"",""1.52"",""2.76"",""1"""
"Juventus,""1.96"",""1.45"",""3.41"",""1.76"",""3.21"",""1.04"",""0.66"",""1.69"",""0.85"",""1.51"",""Torino"",""1.32"",""0.85"",""2.16"",""1.19"",""2.04"",""1.63"",""1.09"",""2.72"",""1.43"",""2.52"",""1"""
"Juventus,""1.96"",""1.45"",""3.41"",""1.76"",""3.21"",""1.04"",""0.66"",""1.69"",""0.85"",""1.51"",""Benevento"",""1.07"",""0.73"",""1.79"",""0.92"",""1.65"",""1.69"",""1.22"",""2.91"",""1.59"",""2.81"",""2"""
"Juventus,""1.96"",""1.45"",""3.41"",""1.76"",""3.21"",""1.04"",""0.66"",""1.69"",""0.85"",""1.51"",""Crotone"",""1.06"",""0.63"",""1.69"",""0.88"",""1.51"",""1.86"",""1.38"",""3.24"",""1.76"",""3.14"",""1"""
"Juventus,""1.96"",""1.45"",""3.41"",""1.76"",""3.21"",""1.04"",""0.66"",""1.69"",""0.85"",""1.51"",""Parma"",""1.12"",""0.80"",""1.92"",""1.01"",""1.82"",""1.60"",""1.23"",""2.83"",""1.55"",""2.78"",""1"""
"Napoli,""1.78"",""1.23"",""3.02"",""1.62"",""2.85"",""1.12"",""0.73"",""1.85"",""1.02"",""1.75"",""Inter"",""1.95"",""1.38"",""3.34"",""1.77"",""3.15"",""1.05"",""0.68"",""1.73"",""0.90"",""1.58"",""X"""
"Napoli,""1.78"",""1.23"",""3.02"",""1.62"",""2.85"",""1.12"",""0.73"",""1.85"",""1.02"",""1.75"",""Milan"",""1.86"",""1.15"",""3.02"",""1.47"",""2.63"",""1.24"",""0.88"",""2.11"",""1.14"",""2.01"",""2"""
"Napoli,""1.78"",""1.23"",""3.02"",""1.62"",""2.85"",""1.12"",""0.73"",""1.85"",""1.02"",""1.75"",""Atalanta"",""1.97"",""1.46"",""3.43"",""1.82"",""3.28"",""1.08"",""0.68"",""1.76"",""0.91"",""1.60"",""1"""
"Napoli,""1.78"",""1.23"",""3.02"",""1.62"",""2.85"",""1.12"",""0.73"",""1.85"",""1.02"",""1.75"",""Juventus"",""1.96"",""1.45"",""3.41"",""1.76"",""3.21"",""1.04"",""0.66"",""1.69"",""0.85"",""1.51"",""1"""
"Napoli,""1.78"",""1.23"",""3.02"",""1.62"",""2.85"",""1.12"",""0.73"",""1.85"",""1.02"",""1.75"",""Lazio"",""1.53"",""1.04"",""2.57"",""1.33"",""2.37"",""1.24"",""0.75"",""2.00"",""1.02"",""1.78"",""1"""
"Napoli,""1.78"",""1.23"",""3.02"",""1.62"",""2.85"",""1.12"",""0.73"",""1.85"",""1.02"",""1.75"",""Roma"",""1.72"",""1.27"",""2.98"",""1.55"",""2.82"",""1.20"",""0.80"",""2.00"",""1.08"",""1.88"",""1"""
"Napoli,""1.78"",""1.23"",""3.02"",""1.62"",""2.85"",""1.12"",""0.73"",""1.85"",""1.02"",""1.75"",""Sassuolo"",""1.54"",""0.90"",""2.43"",""1.26"",""2.15"",""1.46"",""1.09"",""2.55"",""1.36"",""2.45"",""2"""
"Napoli,""1.78"",""1.23"",""3.02"",""1.62"",""2.85"",""1.12"",""0.73"",""1.85"",""1.02"",""1.75"",""Sampdoria"",""1.20"",""0.84"",""2.04"",""1.08"",""1.92"",""1.48"",""0.94"",""2.42"",""1.29"",""2.24"",""1"""
"Napoli,""1.78"",""1.23"",""3.02"",""1.62"",""2.85"",""1.12"",""0.73"",""1.85"",""1.02"",""1.75"",""Hellas Verona"",""1.19"",""0.88"",""2.08"",""1.13"",""2.01"",""1.30"",""0.86"",""2.16"",""1.17"",""2.03"",""X"""
"Napoli,""1.78"",""1.23"",""3.02"",""1.62"",""2.85"",""1.12"",""0.73"",""1.85"",""1.02"",""1.75"",""Genoa"",""1.02"",""0.69"",""1.72"",""0.94"",""1.63"",""1.59"",""1.15"",""2.74"",""1.46"",""2.61"",""1"""
"Napoli,""1.78"",""1.23"",""3.02"",""1.62"",""2.85"",""1.12"",""0.73"",""1.85"",""1.02"",""1.75"",""Bologna"",""1.44"",""1.03"",""2.47"",""1.34"",""2.37"",""1.65"",""1.13"",""2.77"",""1.48"",""2.60"",""1"""
"Napoli,""1.78"",""1.23"",""3.02"",""1.62"",""2.85"",""1.12"",""0.73"",""1.85"",""1.02"",""1.75"",""Fiorentina"",""1.18"",""0.83"",""2.01"",""1.06"",""1.89"",""1.62"",""1.14"",""2.75"",""1.39"",""2.53"",""1"""
"Napoli,""1.78"",""1.23"",""3.02"",""1.62"",""2.85"",""1.12"",""0.73"",""1.85"",""1.02"",""1.75"",""Udinese"",""1.20"",""0.79"",""1.99"",""1.13"",""1.92"",""1.38"",""0.87"",""2.25"",""1.11"",""1.97"",""1"""
"Napoli,""1.78"",""1.23"",""3.02"",""1.62"",""2.85"",""1.12"",""0.73"",""1.85"",""1.02"",""1.75"",""Spezia"",""1.23"",""0.82"",""2.05"",""1.12"",""1.94"",""1.71"",""1.17"",""2.88"",""1.51"",""2.68"",""2"""
"Napoli,""1.78"",""1.23"",""3.02"",""1.62"",""2.85"",""1.12"",""0.73"",""1.85"",""1.02"",""1.75"",""Cagliari"",""1.24"",""0.90"",""2.14"",""1.14"",""2.04"",""1.62"",""1.24"",""2.86"",""1.52"",""2.76"",""X"""
"Napoli,""1.78"",""1.23"",""3.02"",""1.62"",""2.85"",""1.12"",""0.73"",""1.85"",""1.02"",""1.75"",""Torino"",""1.32"",""0.85"",""2.16"",""1.19"",""2.04"",""1.63"",""1.09"",""2.72"",""1.43"",""2.52"",""X"""
"Napoli,""1.78"",""1.23"",""3.02"",""1.62"",""2.85"",""1.12"",""0.73"",""1.85"",""1.02"",""1.75"",""Benevento"",""1.07"",""0.73"",""1.79"",""0.92"",""1.65"",""1.69"",""1.22"",""2.91"",""1.59"",""2.81"",""1"""
"Napoli,""1.78"",""1.23"",""3.02"",""1.62"",""2.85"",""1.12"",""0.73"",""1.85"",""1.02"",""1.75"",""Crotone"",""1.06"",""0.63"",""1.69"",""0.88"",""1.51"",""1.86"",""1.38"",""3.24"",""1.76"",""3.14"",""1"""
"Napoli,""1.78"",""1.23"",""3.02"",""1.62"",""2.85"",""1.12"",""0.73"",""1.85"",""1.02"",""1.75"",""Parma"",""1.12"",""0.80"",""1.92"",""1.01"",""1.82"",""1.60"",""1.23"",""2.83"",""1.55"",""2.78"",""1"""
"Lazio,""1.53"",""1.04"",""2.57"",""1.33"",""2.37"",""1.24"",""0.75"",""2.00"",""1.02"",""1.78"",""Inter"",""1.95"",""1.38"",""3.34"",""1.77"",""3.15"",""1.05"",""0.68"",""1.73"",""0.90"",""1.58"",""X"""
"Lazio,""1.53"",""1.04"",""2.57"",""1.33"",""2.37"",""1.24"",""0.75"",""2.00"",""1.02"",""1.78"",""Milan"",""1.86"",""1.15"",""3.02"",""1.47"",""2.63"",""1.24"",""0.88"",""2.11"",""1.14"",""2.01"",""1"""
"Lazio,""1.53"",""1.04"",""2.57"",""1.33"",""2.37"",""1.24"",""0.75"",""2.00"",""1.02"",""1.78"",""Atalanta"",""1.97"",""1.46"",""3.43"",""1.82"",""3.28"",""1.08"",""0.68"",""1.76"",""0.91"",""1.60"",""2"""
"Lazio,""1.53"",""1.04"",""2.57"",""1.33"",""2.37"",""1.24"",""0.75"",""2.00"",""1.02"",""1.78"",""Juventus"",""1.96"",""1.45"",""3.41"",""1.76"",""3.21"",""1.04"",""0.66"",""1.69"",""0.85"",""1.51"",""X"""
"Lazio,""1.53"",""1.04"",""2.57"",""1.33"",""2.37"",""1.24"",""0.75"",""2.00"",""1.02"",""1.78"",""Napoli"",""1.78"",""1.23"",""3.02"",""1.62"",""2.85"",""1.12"",""0.73"",""1.85"",""1.02"",""1.75"",""1"""
"Lazio,""1.53"",""1.04"",""2.57"",""1.33"",""2.37"",""1.24"",""0.75"",""2.00"",""1.02"",""1.78"",""Roma"",""1.72"",""1.27"",""2.98"",""1.55"",""2.82"",""1.20"",""0.80"",""2.00"",""1.08"",""1.88"",""1"""
"Lazio,""1.53"",""1.04"",""2.57"",""1.33"",""2.37"",""1.24"",""0.75"",""2.00"",""1.02"",""1.78"",""Sassuolo"",""1.54"",""0.90"",""2.43"",""1.26"",""2.15"",""1.46"",""1.09"",""2.55"",""1.36"",""2.45"",""1"""
"Lazio,""1.53"",""1.04"",""2.57"",""1.33"",""2.37"",""1.24"",""0.75"",""2.00"",""1.02"",""1.78"",""Sampdoria"",""1.20"",""0.84"",""2.04"",""1.08"",""1.92"",""1.48"",""0.94"",""2.42"",""1.29"",""2.24"",""1"""
"Lazio,""1.53"",""1.04"",""2.57"",""1.33"",""2.37"",""1.24"",""0.75"",""2.00"",""1.02"",""1.78"",""Hellas Verona"",""1.19"",""0.88"",""2.08"",""1.13"",""2.01"",""1.30"",""0.86"",""2.16"",""1.17"",""2.03"",""2"""
"Lazio,""1.53"",""1.04"",""2.57"",""1.33"",""2.37"",""1.24"",""0.75"",""2.00"",""1.02"",""1.78"",""Genoa"",""1.02"",""0.69"",""1.72"",""0.94"",""1.63"",""1.59"",""1.15"",""2.74"",""1.46"",""2.61"",""1"""
"Lazio,""1.53"",""1.04"",""2.57"",""1.33"",""2.37"",""1.24"",""0.75"",""2.00"",""1.02"",""1.78"",""Bologna"",""1.44"",""1.03"",""2.47"",""1.34"",""2.37"",""1.65"",""1.13"",""2.77"",""1.48"",""2.60"",""1"""
"Lazio,""1.53"",""1.04"",""2.57"",""1.33"",""2.37"",""1.24"",""0.75"",""2.00"",""1.02"",""1.78"",""Fiorentina"",""1.18"",""0.83"",""2.01"",""1.06"",""1.89"",""1.62"",""1.14"",""2.75"",""1.39"",""2.53"",""1"""
"Lazio,""1.53"",""1.04"",""2.57"",""1.33"",""2.37"",""1.24"",""0.75"",""2.00"",""1.02"",""1.78"",""Udinese"",""1.20"",""0.79"",""1.99"",""1.13"",""1.92"",""1.38"",""0.87"",""2.25"",""1.11"",""1.97"",""2"""
"Lazio,""1.53"",""1.04"",""2.57"",""1.33"",""2.37"",""1.24"",""0.75"",""2.00"",""1.02"",""1.78"",""Spezia"",""1.23"",""0.82"",""2.05"",""1.12"",""1.94"",""1.71"",""1.17"",""2.88"",""1.51"",""2.68"",""1"""
"Lazio,""1.53"",""1.04"",""2.57"",""1.33"",""2.37"",""1.24"",""0.75"",""2.00"",""1.02"",""1.78"",""Cagliari"",""1.24"",""0.90"",""2.14"",""1.14"",""2.04"",""1.62"",""1.24"",""2.86"",""1.52"",""2.76"",""1"""
"Lazio,""1.53"",""1.04"",""2.57"",""1.33"",""2.37"",""1.24"",""0.75"",""2.00"",""1.02"",""1.78"",""Torino"",""1.32"",""0.85"",""2.16"",""1.19"",""2.04"",""1.63"",""1.09"",""2.72"",""1.43"",""2.52"",""X"""
"Lazio,""1.53"",""1.04"",""2.57"",""1.33"",""2.37"",""1.24"",""0.75"",""2.00"",""1.02"",""1.78"",""Benevento"",""1.07"",""0.73"",""1.79"",""0.92"",""1.65"",""1.69"",""1.22"",""2.91"",""1.59"",""2.81"",""1"""
"Lazio,""1.53"",""1.04"",""2.57"",""1.33"",""2.37"",""1.24"",""0.75"",""2.00"",""1.02"",""1.78"",""Crotone"",""1.06"",""0.63"",""1.69"",""0.88"",""1.51"",""1.86"",""1.38"",""3.24"",""1.76"",""3.14"",""1"""
"Lazio,""1.53"",""1.04"",""2.57"",""1.33"",""2.37"",""1.24"",""0.75"",""2.00"",""1.02"",""1.78"",""Parma"",""1.12"",""0.80"",""1.92"",""1.01"",""1.82"",""1.60"",""1.23"",""2.83"",""1.55"",""2.78"",""1"""
"Roma,""1.72"",""1.27"",""2.98"",""1.55"",""2.82"",""1.20"",""0.80"",""2.00"",""1.08"",""1.88"",""Inter"",""1.95"",""1.38"",""3.34"",""1.77"",""3.15"",""1.05"",""0.68"",""1.73"",""0.90"",""1.58"",""X"""
"Roma,""1.72"",""1.27"",""2.98"",""1.55"",""2.82"",""1.20"",""0.80"",""2.00"",""1.08"",""1.88"",""Milan"",""1.86"",""1.15"",""3.02"",""1.47"",""2.63"",""1.24"",""0.88"",""2.11"",""1.14"",""2.01"",""2"""
"Roma,""1.72"",""1.27"",""2.98"",""1.55"",""2.82"",""1.20"",""0.80"",""2.00"",""1.08"",""1.88"",""Atalanta"",""1.97"",""1.46"",""3.43"",""1.82"",""3.28"",""1.08"",""0.68"",""1.76"",""0.91"",""1.60"",""X"""
"Roma,""1.72"",""1.27"",""2.98"",""1.55"",""2.82"",""1.20"",""0.80"",""2.00"",""1.08"",""1.88"",""Juventus"",""1.96"",""1.45"",""3.41"",""1.76"",""3.21"",""1.04"",""0.66"",""1.69"",""0.85"",""1.51"",""X"""
"Roma,""1.72"",""1.27"",""2.98"",""1.55"",""2.82"",""1.20"",""0.80"",""2.00"",""1.08"",""1.88"",""Napoli"",""1.78"",""1.23"",""3.02"",""1.62"",""2.85"",""1.12"",""0.73"",""1.85"",""1.02"",""1.75"",""2"""
"Roma,""1.72"",""1.27"",""2.98"",""1.55"",""2.82"",""1.20"",""0.80"",""2.00"",""1.08"",""1.88"",""Lazio"",""1.53"",""1.04"",""2.57"",""1.33"",""2.37"",""1.24"",""0.75"",""2.00"",""1.02"",""1.78"",""1"""
"Roma,""1.72"",""1.27"",""2.98"",""1.55"",""2.82"",""1.20"",""0.80"",""2.00"",""1.08"",""1.88"",""Sassuolo"",""1.54"",""0.90"",""2.43"",""1.26"",""2.15"",""1.46"",""1.09"",""2.55"",""1.36"",""2.45"",""X"""
"Roma,""1.72"",""1.27"",""2.98"",""1.55"",""2.82"",""1.20"",""0.80"",""2.00"",""1.08"",""1.88"",""Sampdoria"",""1.20"",""0.84"",""2.04"",""1.08"",""1.92"",""1.48"",""0.94"",""2.42"",""1.29"",""2.24"",""1"""
"Roma,""1.72"",""1.27"",""2.98"",""1.55"",""2.82"",""1.20"",""0.80"",""2.00"",""1.08"",""1.88"",""Hellas Verona"",""1.19"",""0.88"",""2.08"",""1.13"",""2.01"",""1.30"",""0.86"",""2.16"",""1.17"",""2.03"",""1"""
"Roma,""1.72"",""1.27"",""2.98"",""1.55"",""2.82"",""1.20"",""0.80"",""2.00"",""1.08"",""1.88"",""Genoa"",""1.02"",""0.69"",""1.72"",""0.94"",""1.63"",""1.59"",""1.15"",""2.74"",""1.46"",""2.61"",""1"""
"Roma,""1.72"",""1.27"",""2.98"",""1.55"",""2.82"",""1.20"",""0.80"",""2.00"",""1.08"",""1.88"",""Bologna"",""1.44"",""1.03"",""2.47"",""1.34"",""2.37"",""1.65"",""1.13"",""2.77"",""1.48"",""2.60"",""1"""
"Roma,""1.72"",""1.27"",""2.98"",""1.55"",""2.82"",""1.20"",""0.80"",""2.00"",""1.08"",""1.88"",""Fiorentina"",""1.18"",""0.83"",""2.01"",""1.06"",""1.89"",""1.62"",""1.14"",""2.75"",""1.39"",""2.53"",""1"""
"Roma,""1.72"",""1.27"",""2.98"",""1.55"",""2.82"",""1.20"",""0.80"",""2.00"",""1.08"",""1.88"",""Udinese"",""1.20"",""0.79"",""1.99"",""1.13"",""1.92"",""1.38"",""0.87"",""2.25"",""1.11"",""1.97"",""1"""
"Roma,""1.72"",""1.27"",""2.98"",""1.55"",""2.82"",""1.20"",""0.80"",""2.00"",""1.08"",""1.88"",""Spezia"",""1.23"",""0.82"",""2.05"",""1.12"",""1.94"",""1.71"",""1.17"",""2.88"",""1.51"",""2.68"",""1"""
"Roma,""1.72"",""1.27"",""2.98"",""1.55"",""2.82"",""1.20"",""0.80"",""2.00"",""1.08"",""1.88"",""Cagliari"",""1.24"",""0.90"",""2.14"",""1.14"",""2.04"",""1.62"",""1.24"",""2.86"",""1.52"",""2.76"",""1"""
"Roma,""1.72"",""1.27"",""2.98"",""1.55"",""2.82"",""1.20"",""0.80"",""2.00"",""1.08"",""1.88"",""Torino"",""1.32"",""0.85"",""2.16"",""1.19"",""2.04"",""1.63"",""1.09"",""2.72"",""1.43"",""2.52"",""1"""
"Roma,""1.72"",""1.27"",""2.98"",""1.55"",""2.82"",""1.20"",""0.80"",""2.00"",""1.08"",""1.88"",""Benevento"",""1.07"",""0.73"",""1.79"",""0.92"",""1.65"",""1.69"",""1.22"",""2.91"",""1.59"",""2.81"",""1"""
"Roma,""1.72"",""1.27"",""2.98"",""1.55"",""2.82"",""1.20"",""0.80"",""2.00"",""1.08"",""1.88"",""Crotone"",""1.06"",""0.63"",""1.69"",""0.88"",""1.51"",""1.86"",""1.38"",""3.24"",""1.76"",""3.14"",""1"""
"Roma,""1.72"",""1.27"",""2.98"",""1.55"",""2.82"",""1.20"",""0.80"",""2.00"",""1.08"",""1.88"",""Parma"",""1.12"",""0.80"",""1.92"",""1.01"",""1.82"",""1.60"",""1.23"",""2.83"",""1.55"",""2.78"",""1"""
"Sassuolo,""1.54"",""0.90"",""2.43"",""1.26"",""2.15"",""1.46"",""1.09"",""2.55"",""1.36"",""2.45"",""Inter"",""1.95"",""1.38"",""3.34"",""1.77"",""3.15"",""1.05"",""0.68"",""1.73"",""0.90"",""1.58"",""2"""
"Sassuolo,""1.54"",""0.90"",""2.43"",""1.26"",""2.15"",""1.46"",""1.09"",""2.55"",""1.36"",""2.45"",""Milan"",""1.86"",""1.15"",""3.02"",""1.47"",""2.63"",""1.24"",""0.88"",""2.11"",""1.14"",""2.01"",""2"""
"Sassuolo,""1.54"",""0.90"",""2.43"",""1.26"",""2.15"",""1.46"",""1.09"",""2.55"",""1.36"",""2.45"",""Atalanta"",""1.97"",""1.46"",""3.43"",""1.82"",""3.28"",""1.08"",""0.68"",""1.76"",""0.91"",""1.60"",""X"""
"Sassuolo,""1.54"",""0.90"",""2.43"",""1.26"",""2.15"",""1.46"",""1.09"",""2.55"",""1.36"",""2.45"",""Juventus"",""1.96"",""1.45"",""3.41"",""1.76"",""3.21"",""1.04"",""0.66"",""1.69"",""0.85"",""1.51"",""2"""
"Sassuolo,""1.54"",""0.90"",""2.43"",""1.26"",""2.15"",""1.46"",""1.09"",""2.55"",""1.36"",""2.45"",""Napoli"",""1.78"",""1.23"",""3.02"",""1.62"",""2.85"",""1.12"",""0.73"",""1.85"",""1.02"",""1.75"",""X"""
"Sassuolo,""1.54"",""0.90"",""2.43"",""1.26"",""2.15"",""1.46"",""1.09"",""2.55"",""1.36"",""2.45"",""Lazio"",""1.53"",""1.04"",""2.57"",""1.33"",""2.37"",""1.24"",""0.75"",""2.00"",""1.02"",""1.78"",""1"""
"Sassuolo,""1.54"",""0.90"",""2.43"",""1.26"",""2.15"",""1.46"",""1.09"",""2.55"",""1.36"",""2.45"",""Roma"",""1.72"",""1.27"",""2.98"",""1.55"",""2.82"",""1.20"",""0.80"",""2.00"",""1.08"",""1.88"",""X"""
"Sassuolo,""1.54"",""0.90"",""2.43"",""1.26"",""2.15"",""1.46"",""1.09"",""2.55"",""1.36"",""2.45"",""Sampdoria"",""1.20"",""0.84"",""2.04"",""1.08"",""1.92"",""1.48"",""0.94"",""2.42"",""1.29"",""2.24"",""1"""
"Sassuolo,""1.54"",""0.90"",""2.43"",""1.26"",""2.15"",""1.46"",""1.09"",""2.55"",""1.36"",""2.45"",""Hellas Verona"",""1.19"",""0.88"",""2.08"",""1.13"",""2.01"",""1.30"",""0.86"",""2.16"",""1.17"",""2.03"",""1"""
"Sassuolo,""1.54"",""0.90"",""2.43"",""1.26"",""2.15"",""1.46"",""1.09"",""2.55"",""1.36"",""2.45"",""Genoa"",""1.02"",""0.69"",""1.72"",""0.94"",""1.63"",""1.59"",""1.15"",""2.74"",""1.46"",""2.61"",""1"""
"Sassuolo,""1.54"",""0.90"",""2.43"",""1.26"",""2.15"",""1.46"",""1.09"",""2.55"",""1.36"",""2.45"",""Bologna"",""1.44"",""1.03"",""2.47"",""1.34"",""2.37"",""1.65"",""1.13"",""2.77"",""1.48"",""2.60"",""X"""
"Sassuolo,""1.54"",""0.90"",""2.43"",""1.26"",""2.15"",""1.46"",""1.09"",""2.55"",""1.36"",""2.45"",""Fiorentina"",""1.18"",""0.83"",""2.01"",""1.06"",""1.89"",""1.62"",""1.14"",""2.75"",""1.39"",""2.53"",""1"""
"Sassuolo,""1.54"",""0.90"",""2.43"",""1.26"",""2.15"",""1.46"",""1.09"",""2.55"",""1.36"",""2.45"",""Udinese"",""1.20"",""0.79"",""1.99"",""1.13"",""1.92"",""1.38"",""0.87"",""2.25"",""1.11"",""1.97"",""X"""
"Sassuolo,""1.54"",""0.90"",""2.43"",""1.26"",""2.15"",""1.46"",""1.09"",""2.55"",""1.36"",""2.45"",""Spezia"",""1.23"",""0.82"",""2.05"",""1.12"",""1.94"",""1.71"",""1.17"",""2.88"",""1.51"",""2.68"",""2"""
"Sassuolo,""1.54"",""0.90"",""2.43"",""1.26"",""2.15"",""1.46"",""1.09"",""2.55"",""1.36"",""2.45"",""Cagliari"",""1.24"",""0.90"",""2.14"",""1.14"",""2.04"",""1.62"",""1.24"",""2.86"",""1.52"",""2.76"",""X"""
"Sassuolo,""1.54"",""0.90"",""2.43"",""1.26"",""2.15"",""1.46"",""1.09"",""2.55"",""1.36"",""2.45"",""Torino"",""1.32"",""0.85"",""2.16"",""1.19"",""2.04"",""1.63"",""1.09"",""2.72"",""1.43"",""2.52"",""X"""
"Sassuolo,""1.54"",""0.90"",""2.43"",""1.26"",""2.15"",""1.46"",""1.09"",""2.55"",""1.36"",""2.45"",""Benevento"",""1.07"",""0.73"",""1.79"",""0.92"",""1.65"",""1.69"",""1.22"",""2.91"",""1.59"",""2.81"",""1"""
"Sassuolo,""1.54"",""0.90"",""2.43"",""1.26"",""2.15"",""1.46"",""1.09"",""2.55"",""1.36"",""2.45"",""Crotone"",""1.06"",""0.63"",""1.69"",""0.88"",""1.51"",""1.86"",""1.38"",""3.24"",""1.76"",""3.14"",""1"""
"Sassuolo,""1.54"",""0.90"",""2.43"",""1.26"",""2.15"",""1.46"",""1.09"",""2.55"",""1.36"",""2.45"",""Parma"",""1.12"",""0.80"",""1.92"",""1.01"",""1.82"",""1.60"",""1.23"",""2.83"",""1.55"",""2.78"",""X"""
"Sampdoria,""1.20"",""0.84"",""2.04"",""1.08"",""1.92"",""1.48"",""0.94"",""2.42"",""1.29"",""2.24"",""Inter"",""1.95"",""1.38"",""3.34"",""1.77"",""3.15"",""1.05"",""0.68"",""1.73"",""0.90"",""1.58"",""1"""
"Sampdoria,""1.20"",""0.84"",""2.04"",""1.08"",""1.92"",""1.48"",""0.94"",""2.42"",""1.29"",""2.24"",""Milan"",""1.86"",""1.15"",""3.02"",""1.47"",""2.63"",""1.24"",""0.88"",""2.11"",""1.14"",""2.01"",""2"""
"Sampdoria,""1.20"",""0.84"",""2.04"",""1.08"",""1.92"",""1.48"",""0.94"",""2.42"",""1.29"",""2.24"",""Atalanta"",""1.97"",""1.46"",""3.43"",""1.82"",""3.28"",""1.08"",""0.68"",""1.76"",""0.91"",""1.60"",""2"""
"Sampdoria,""1.20"",""0.84"",""2.04"",""1.08"",""1.92"",""1.48"",""0.94"",""2.42"",""1.29"",""2.24"",""Juventus"",""1.96"",""1.45"",""3.41"",""1.76"",""3.21"",""1.04"",""0.66"",""1.69"",""0.85"",""1.51"",""2"""
"Sampdoria,""1.20"",""0.84"",""2.04"",""1.08"",""1.92"",""1.48"",""0.94"",""2.42"",""1.29"",""2.24"",""Napoli"",""1.78"",""1.23"",""3.02"",""1.62"",""2.85"",""1.12"",""0.73"",""1.85"",""1.02"",""1.75"",""2"""
"Sampdoria,""1.20"",""0.84"",""2.04"",""1.08"",""1.92"",""1.48"",""0.94"",""2.42"",""1.29"",""2.24"",""Lazio"",""1.53"",""1.04"",""2.57"",""1.33"",""2.37"",""1.24"",""0.75"",""2.00"",""1.02"",""1.78"",""1"""
"Sampdoria,""1.20"",""0.84"",""2.04"",""1.08"",""1.92"",""1.48"",""0.94"",""2.42"",""1.29"",""2.24"",""Roma"",""1.72"",""1.27"",""2.98"",""1.55"",""2.82"",""1.20"",""0.80"",""2.00"",""1.08"",""1.88"",""1"""
"Sampdoria,""1.20"",""0.84"",""2.04"",""1.08"",""1.92"",""1.48"",""0.94"",""2.42"",""1.29"",""2.24"",""Sassuolo"",""1.54"",""0.90"",""2.43"",""1.26"",""2.15"",""1.46"",""1.09"",""2.55"",""1.36"",""2.45"",""2"""
"Sampdoria,""1.20"",""0.84"",""2.04"",""1.08"",""1.92"",""1.48"",""0.94"",""2.42"",""1.29"",""2.24"",""Hellas Verona"",""1.19"",""0.88"",""2.08"",""1.13"",""2.01"",""1.30"",""0.86"",""2.16"",""1.17"",""2.03"",""1"""
"Sampdoria,""1.20"",""0.84"",""2.04"",""1.08"",""1.92"",""1.48"",""0.94"",""2.42"",""1.29"",""2.24"",""Genoa"",""1.02"",""0.69"",""1.72"",""0.94"",""1.63"",""1.59"",""1.15"",""2.74"",""1.46"",""2.61"",""X"""
"Sampdoria,""1.20"",""0.84"",""2.04"",""1.08"",""1.92"",""1.48"",""0.94"",""2.42"",""1.29"",""2.24"",""Bologna"",""1.44"",""1.03"",""2.47"",""1.34"",""2.37"",""1.65"",""1.13"",""2.77"",""1.48"",""2.60"",""2"""
"Sampdoria,""1.20"",""0.84"",""2.04"",""1.08"",""1.92"",""1.48"",""0.94"",""2.42"",""1.29"",""2.24"",""Fiorentina"",""1.18"",""0.83"",""2.01"",""1.06"",""1.89"",""1.62"",""1.14"",""2.75"",""1.39"",""2.53"",""1"""
"Sampdoria,""1.20"",""0.84"",""2.04"",""1.08"",""1.92"",""1.48"",""0.94"",""2.42"",""1.29"",""2.24"",""Udinese"",""1.20"",""0.79"",""1.99"",""1.13"",""1.92"",""1.38"",""0.87"",""2.25"",""1.11"",""1.97"",""1"""
"Sampdoria,""1.20"",""0.84"",""2.04"",""1.08"",""1.92"",""1.48"",""0.94"",""2.42"",""1.29"",""2.24"",""Spezia"",""1.23"",""0.82"",""2.05"",""1.12"",""1.94"",""1.71"",""1.17"",""2.88"",""1.51"",""2.68"",""X"""
"Sampdoria,""1.20"",""0.84"",""2.04"",""1.08"",""1.92"",""1.48"",""0.94"",""2.42"",""1.29"",""2.24"",""Cagliari"",""1.24"",""0.90"",""2.14"",""1.14"",""2.04"",""1.62"",""1.24"",""2.86"",""1.52"",""2.76"",""X"""
"Sampdoria,""1.20"",""0.84"",""2.04"",""1.08"",""1.92"",""1.48"",""0.94"",""2.42"",""1.29"",""2.24"",""Torino"",""1.32"",""0.85"",""2.16"",""1.19"",""2.04"",""1.63"",""1.09"",""2.72"",""1.43"",""2.52"",""1"""
"Sampdoria,""1.20"",""0.84"",""2.04"",""1.08"",""1.92"",""1.48"",""0.94"",""2.42"",""1.29"",""2.24"",""Benevento"",""1.07"",""0.73"",""1.79"",""0.92"",""1.65"",""1.69"",""1.22"",""2.91"",""1.59"",""2.81"",""2"""
"Sampdoria,""1.20"",""0.84"",""2.04"",""1.08"",""1.92"",""1.48"",""0.94"",""2.42"",""1.29"",""2.24"",""Crotone"",""1.06"",""0.63"",""1.69"",""0.88"",""1.51"",""1.86"",""1.38"",""3.24"",""1.76"",""3.14"",""1"""
"Sampdoria,""1.20"",""0.84"",""2.04"",""1.08"",""1.92"",""1.48"",""0.94"",""2.42"",""1.29"",""2.24"",""Parma"",""1.12"",""0.80"",""1.92"",""1.01"",""1.82"",""1.60"",""1.23"",""2.83"",""1.55"",""2.78"",""1"""
"Hellas Verona,""1.19"",""0.88"",""2.08"",""1.13"",""2.01"",""1.30"",""0.86"",""2.16"",""1.17"",""2.03"",""Inter"",""1.95"",""1.38"",""3.34"",""1.77"",""3.15"",""1.05"",""0.68"",""1.73"",""0.90"",""1.58"",""2"""
"Hellas Verona,""1.19"",""0.88"",""2.08"",""1.13"",""2.01"",""1.30"",""0.86"",""2.16"",""1.17"",""2.03"",""Milan"",""1.86"",""1.15"",""3.02"",""1.47"",""2.63"",""1.24"",""0.88"",""2.11"",""1.14"",""2.01"",""2"""
"Hellas Verona,""1.19"",""0.88"",""2.08"",""1.13"",""2.01"",""1.30"",""0.86"",""2.16"",""1.17"",""2.03"",""Atalanta"",""1.97"",""1.46"",""3.43"",""1.82"",""3.28"",""1.08"",""0.68"",""1.76"",""0.91"",""1.60"",""2"""
"Hellas Verona,""1.19"",""0.88"",""2.08"",""1.13"",""2.01"",""1.30"",""0.86"",""2.16"",""1.17"",""2.03"",""Juventus"",""1.96"",""1.45"",""3.41"",""1.76"",""3.21"",""1.04"",""0.66"",""1.69"",""0.85"",""1.51"",""X"""
"Hellas Verona,""1.19"",""0.88"",""2.08"",""1.13"",""2.01"",""1.30"",""0.86"",""2.16"",""1.17"",""2.03"",""Napoli"",""1.78"",""1.23"",""3.02"",""1.62"",""2.85"",""1.12"",""0.73"",""1.85"",""1.02"",""1.75"",""1"""
"Hellas Verona,""1.19"",""0.88"",""2.08"",""1.13"",""2.01"",""1.30"",""0.86"",""2.16"",""1.17"",""2.03"",""Lazio"",""1.53"",""1.04"",""2.57"",""1.33"",""2.37"",""1.24"",""0.75"",""2.00"",""1.02"",""1.78"",""2"""
"Hellas Verona,""1.19"",""0.88"",""2.08"",""1.13"",""2.01"",""1.30"",""0.86"",""2.16"",""1.17"",""2.03"",""Roma"",""1.72"",""1.27"",""2.98"",""1.55"",""2.82"",""1.20"",""0.80"",""2.00"",""1.08"",""1.88"",""1"""
"Hellas Verona,""1.19"",""0.88"",""2.08"",""1.13"",""2.01"",""1.30"",""0.86"",""2.16"",""1.17"",""2.03"",""Sassuolo"",""1.54"",""0.90"",""2.43"",""1.26"",""2.15"",""1.46"",""1.09"",""2.55"",""1.36"",""2.45"",""2"""
"Hellas Verona,""1.19"",""0.88"",""2.08"",""1.13"",""2.01"",""1.30"",""0.86"",""2.16"",""1.17"",""2.03"",""Sampdoria"",""1.20"",""0.84"",""2.04"",""1.08"",""1.92"",""1.48"",""0.94"",""2.42"",""1.29"",""2.24"",""2"""
"Hellas Verona,""1.19"",""0.88"",""2.08"",""1.13"",""2.01"",""1.30"",""0.86"",""2.16"",""1.17"",""2.03"",""Genoa"",""1.02"",""0.69"",""1.72"",""0.94"",""1.63"",""1.59"",""1.15"",""2.74"",""1.46"",""2.61"",""X"""
"Hellas Verona,""1.19"",""0.88"",""2.08"",""1.13"",""2.01"",""1.30"",""0.86"",""2.16"",""1.17"",""2.03"",""Bologna"",""1.44"",""1.03"",""2.47"",""1.34"",""2.37"",""1.65"",""1.13"",""2.77"",""1.48"",""2.60"",""X"""
"Hellas Verona,""1.19"",""0.88"",""2.08"",""1.13"",""2.01"",""1.30"",""0.86"",""2.16"",""1.17"",""2.03"",""Fiorentina"",""1.18"",""0.83"",""2.01"",""1.06"",""1.89"",""1.62"",""1.14"",""2.75"",""1.39"",""2.53"",""2"""
"Hellas Verona,""1.19"",""0.88"",""2.08"",""1.13"",""2.01"",""1.30"",""0.86"",""2.16"",""1.17"",""2.03"",""Udinese"",""1.20"",""0.79"",""1.99"",""1.13"",""1.92"",""1.38"",""0.87"",""2.25"",""1.11"",""1.97"",""1"""
"Hellas Verona,""1.19"",""0.88"",""2.08"",""1.13"",""2.01"",""1.30"",""0.86"",""2.16"",""1.17"",""2.03"",""Spezia"",""1.23"",""0.82"",""2.05"",""1.12"",""1.94"",""1.71"",""1.17"",""2.88"",""1.51"",""2.68"",""X"""
"Hellas Verona,""1.19"",""0.88"",""2.08"",""1.13"",""2.01"",""1.30"",""0.86"",""2.16"",""1.17"",""2.03"",""Cagliari"",""1.24"",""0.90"",""2.14"",""1.14"",""2.04"",""1.62"",""1.24"",""2.86"",""1.52"",""2.76"",""1"""
"Hellas Verona,""1.19"",""0.88"",""2.08"",""1.13"",""2.01"",""1.30"",""0.86"",""2.16"",""1.17"",""2.03"",""Torino"",""1.32"",""0.85"",""2.16"",""1.19"",""2.04"",""1.63"",""1.09"",""2.72"",""1.43"",""2.52"",""X"""
"Hellas Verona,""1.19"",""0.88"",""2.08"",""1.13"",""2.01"",""1.30"",""0.86"",""2.16"",""1.17"",""2.03"",""Benevento"",""1.07"",""0.73"",""1.79"",""0.92"",""1.65"",""1.69"",""1.22"",""2.91"",""1.59"",""2.81"",""1"""
"Hellas Verona,""1.19"",""0.88"",""2.08"",""1.13"",""2.01"",""1.30"",""0.86"",""2.16"",""1.17"",""2.03"",""Crotone"",""1.06"",""0.63"",""1.69"",""0.88"",""1.51"",""1.86"",""1.38"",""3.24"",""1.76"",""3.14"",""1"""
"Hellas Verona,""1.19"",""0.88"",""2.08"",""1.13"",""2.01"",""1.30"",""0.86"",""2.16"",""1.17"",""2.03"",""Parma"",""1.12"",""0.80"",""1.92"",""1.01"",""1.82"",""1.60"",""1.23"",""2.83"",""1.55"",""2.78"",""1"""
"Genoa,""1.02"",""0.69"",""1.72"",""0.94"",""1.63"",""1.59"",""1.15"",""2.74"",""1.46"",""2.61"",""Inter"",""1.95"",""1.38"",""3.34"",""1.77"",""3.15"",""1.05"",""0.68"",""1.73"",""0.90"",""1.58"",""2"""
"Genoa,""1.02"",""0.69"",""1.72"",""0.94"",""1.63"",""1.59"",""1.15"",""2.74"",""1.46"",""2.61"",""Milan"",""1.86"",""1.15"",""3.02"",""1.47"",""2.63"",""1.24"",""0.88"",""2.11"",""1.14"",""2.01"",""X"""
"Genoa,""1.02"",""0.69"",""1.72"",""0.94"",""1.63"",""1.59"",""1.15"",""2.74"",""1.46"",""2.61"",""Atalanta"",""1.97"",""1.46"",""3.43"",""1.82"",""3.28"",""1.08"",""0.68"",""1.76"",""0.91"",""1.60"",""2"""
"Genoa,""1.02"",""0.69"",""1.72"",""0.94"",""1.63"",""1.59"",""1.15"",""2.74"",""1.46"",""2.61"",""Juventus"",""1.96"",""1.45"",""3.41"",""1.76"",""3.21"",""1.04"",""0.66"",""1.69"",""0.85"",""1.51"",""2"""
"Genoa,""1.02"",""0.69"",""1.72"",""0.94"",""1.63"",""1.59"",""1.15"",""2.74"",""1.46"",""2.61"",""Napoli"",""1.78"",""1.23"",""3.02"",""1.62"",""2.85"",""1.12"",""0.73"",""1.85"",""1.02"",""1.75"",""1"""
"Genoa,""1.02"",""0.69"",""1.72"",""0.94"",""1.63"",""1.59"",""1.15"",""2.74"",""1.46"",""2.61"",""Lazio"",""1.53"",""1.04"",""2.57"",""1.33"",""2.37"",""1.24"",""0.75"",""2.00"",""1.02"",""1.78"",""X"""
"Genoa,""1.02"",""0.69"",""1.72"",""0.94"",""1.63"",""1.59"",""1.15"",""2.74"",""1.46"",""2.61"",""Roma"",""1.72"",""1.27"",""2.98"",""1.55"",""2.82"",""1.20"",""0.80"",""2.00"",""1.08"",""1.88"",""2"""
"Genoa,""1.02"",""0.69"",""1.72"",""0.94"",""1.63"",""1.59"",""1.15"",""2.74"",""1.46"",""2.61"",""Sassuolo"",""1.54"",""0.90"",""2.43"",""1.26"",""2.15"",""1.46"",""1.09"",""2.55"",""1.36"",""2.45"",""2"""
"Genoa,""1.02"",""0.69"",""1.72"",""0.94"",""1.63"",""1.59"",""1.15"",""2.74"",""1.46"",""2.61"",""Sampdoria"",""1.20"",""0.84"",""2.04"",""1.08"",""1.92"",""1.48"",""0.94"",""2.42"",""1.29"",""2.24"",""X"""
"Genoa,""1.02"",""0.69"",""1.72"",""0.94"",""1.63"",""1.59"",""1.15"",""2.74"",""1.46"",""2.61"",""Hellas Verona"",""1.19"",""0.88"",""2.08"",""1.13"",""2.01"",""1.30"",""0.86"",""2.16"",""1.17"",""2.03"",""X"""
"Genoa,""1.02"",""0.69"",""1.72"",""0.94"",""1.63"",""1.59"",""1.15"",""2.74"",""1.46"",""2.61"",""Bologna"",""1.44"",""1.03"",""2.47"",""1.34"",""2.37"",""1.65"",""1.13"",""2.77"",""1.48"",""2.60"",""1"""
"Genoa,""1.02"",""0.69"",""1.72"",""0.94"",""1.63"",""1.59"",""1.15"",""2.74"",""1.46"",""2.61"",""Fiorentina"",""1.18"",""0.83"",""2.01"",""1.06"",""1.89"",""1.62"",""1.14"",""2.75"",""1.39"",""2.53"",""X"""
"Genoa,""1.02"",""0.69"",""1.72"",""0.94"",""1.63"",""1.59"",""1.15"",""2.74"",""1.46"",""2.61"",""Udinese"",""1.20"",""0.79"",""1.99"",""1.13"",""1.92"",""1.38"",""0.87"",""2.25"",""1.11"",""1.97"",""X"""
"Genoa,""1.02"",""0.69"",""1.72"",""0.94"",""1.63"",""1.59"",""1.15"",""2.74"",""1.46"",""2.61"",""Spezia"",""1.23"",""0.82"",""2.05"",""1.12"",""1.94"",""1.71"",""1.17"",""2.88"",""1.51"",""2.68"",""1"""
"Genoa,""1.02"",""0.69"",""1.72"",""0.94"",""1.63"",""1.59"",""1.15"",""2.74"",""1.46"",""2.61"",""Cagliari"",""1.24"",""0.90"",""2.14"",""1.14"",""2.04"",""1.62"",""1.24"",""2.86"",""1.52"",""2.76"",""1"""
"Genoa,""1.02"",""0.69"",""1.72"",""0.94"",""1.63"",""1.59"",""1.15"",""2.74"",""1.46"",""2.61"",""Torino"",""1.32"",""0.85"",""2.16"",""1.19"",""2.04"",""1.63"",""1.09"",""2.72"",""1.43"",""2.52"",""2"""
"Genoa,""1.02"",""0.69"",""1.72"",""0.94"",""1.63"",""1.59"",""1.15"",""2.74"",""1.46"",""2.61"",""Benevento"",""1.07"",""0.73"",""1.79"",""0.92"",""1.65"",""1.69"",""1.22"",""2.91"",""1.59"",""2.81"",""X"""
"Genoa,""1.02"",""0.69"",""1.72"",""0.94"",""1.63"",""1.59"",""1.15"",""2.74"",""1.46"",""2.61"",""Crotone"",""1.06"",""0.63"",""1.69"",""0.88"",""1.51"",""1.86"",""1.38"",""3.24"",""1.76"",""3.14"",""1"""
"Genoa,""1.02"",""0.69"",""1.72"",""0.94"",""1.63"",""1.59"",""1.15"",""2.74"",""1.46"",""2.61"",""Parma"",""1.12"",""0.80"",""1.92"",""1.01"",""1.82"",""1.60"",""1.23"",""2.83"",""1.55"",""2.78"",""2"""
"Bologna,""1.44"",""1.03"",""2.47"",""1.34"",""2.37"",""1.65"",""1.13"",""2.77"",""1.48"",""2.60"",""Inter"",""1.95"",""1.38"",""3.34"",""1.77"",""3.15"",""1.05"",""0.68"",""1.73"",""0.90"",""1.58"",""2"""
"Bologna,""1.44"",""1.03"",""2.47"",""1.34"",""2.37"",""1.65"",""1.13"",""2.77"",""1.48"",""2.60"",""Milan"",""1.86"",""1.15"",""3.02"",""1.47"",""2.63"",""1.24"",""0.88"",""2.11"",""1.14"",""2.01"",""2"""
"Bologna,""1.44"",""1.03"",""2.47"",""1.34"",""2.37"",""1.65"",""1.13"",""2.77"",""1.48"",""2.60"",""Atalanta"",""1.97"",""1.46"",""3.43"",""1.82"",""3.28"",""1.08"",""0.68"",""1.76"",""0.91"",""1.60"",""X"""
"Bologna,""1.44"",""1.03"",""2.47"",""1.34"",""2.37"",""1.65"",""1.13"",""2.77"",""1.48"",""2.60"",""Juventus"",""1.96"",""1.45"",""3.41"",""1.76"",""3.21"",""1.04"",""0.66"",""1.69"",""0.85"",""1.51"",""2"""
"Bologna,""1.44"",""1.03"",""2.47"",""1.34"",""2.37"",""1.65"",""1.13"",""2.77"",""1.48"",""2.60"",""Napoli"",""1.78"",""1.23"",""3.02"",""1.62"",""2.85"",""1.12"",""0.73"",""1.85"",""1.02"",""1.75"",""2"""
"Bologna,""1.44"",""1.03"",""2.47"",""1.34"",""2.37"",""1.65"",""1.13"",""2.77"",""1.48"",""2.60"",""Lazio"",""1.53"",""1.04"",""2.57"",""1.33"",""2.37"",""1.24"",""0.75"",""2.00"",""1.02"",""1.78"",""1"""
"Bologna,""1.44"",""1.03"",""2.47"",""1.34"",""2.37"",""1.65"",""1.13"",""2.77"",""1.48"",""2.60"",""Roma"",""1.72"",""1.27"",""2.98"",""1.55"",""2.82"",""1.20"",""0.80"",""2.00"",""1.08"",""1.88"",""2"""
"Bologna,""1.44"",""1.03"",""2.47"",""1.34"",""2.37"",""1.65"",""1.13"",""2.77"",""1.48"",""2.60"",""Sassuolo"",""1.54"",""0.90"",""2.43"",""1.26"",""2.15"",""1.46"",""1.09"",""2.55"",""1.36"",""2.45"",""2"""
"Bologna,""1.44"",""1.03"",""2.47"",""1.34"",""2.37"",""1.65"",""1.13"",""2.77"",""1.48"",""2.60"",""Sampdoria"",""1.20"",""0.84"",""2.04"",""1.08"",""1.92"",""1.48"",""0.94"",""2.42"",""1.29"",""2.24"",""1"""
"Bologna,""1.44"",""1.03"",""2.47"",""1.34"",""2.37"",""1.65"",""1.13"",""2.77"",""1.48"",""2.60"",""Hellas Verona"",""1.19"",""0.88"",""2.08"",""1.13"",""2.01"",""1.30"",""0.86"",""2.16"",""1.17"",""2.03"",""1"""
"Bologna,""1.44"",""1.03"",""2.47"",""1.34"",""2.37"",""1.65"",""1.13"",""2.77"",""1.48"",""2.60"",""Genoa"",""1.02"",""0.69"",""1.72"",""0.94"",""1.63"",""1.59"",""1.15"",""2.74"",""1.46"",""2.61"",""2"""
"Bologna,""1.44"",""1.03"",""2.47"",""1.34"",""2.37"",""1.65"",""1.13"",""2.77"",""1.48"",""2.60"",""Fiorentina"",""1.18"",""0.83"",""2.01"",""1.06"",""1.89"",""1.62"",""1.14"",""2.75"",""1.39"",""2.53"",""X"""
"Bologna,""1.44"",""1.03"",""2.47"",""1.34"",""2.37"",""1.65"",""1.13"",""2.77"",""1.48"",""2.60"",""Udinese"",""1.20"",""0.79"",""1.99"",""1.13"",""1.92"",""1.38"",""0.87"",""2.25"",""1.11"",""1.97"",""X"""
"Bologna,""1.44"",""1.03"",""2.47"",""1.34"",""2.37"",""1.65"",""1.13"",""2.77"",""1.48"",""2.60"",""Spezia"",""1.23"",""0.82"",""2.05"",""1.12"",""1.94"",""1.71"",""1.17"",""2.88"",""1.51"",""2.68"",""1"""
"Bologna,""1.44"",""1.03"",""2.47"",""1.34"",""2.37"",""1.65"",""1.13"",""2.77"",""1.48"",""2.60"",""Cagliari"",""1.24"",""0.90"",""2.14"",""1.14"",""2.04"",""1.62"",""1.24"",""2.86"",""1.52"",""2.76"",""1"""
"Bologna,""1.44"",""1.03"",""2.47"",""1.34"",""2.37"",""1.65"",""1.13"",""2.77"",""1.48"",""2.60"",""Torino"",""1.32"",""0.85"",""2.16"",""1.19"",""2.04"",""1.63"",""1.09"",""2.72"",""1.43"",""2.52"",""X"""
"Bologna,""1.44"",""1.03"",""2.47"",""1.34"",""2.37"",""1.65"",""1.13"",""2.77"",""1.48"",""2.60"",""Benevento"",""1.07"",""0.73"",""1.79"",""0.92"",""1.65"",""1.69"",""1.22"",""2.91"",""1.59"",""2.81"",""X"""
"Bologna,""1.44"",""1.03"",""2.47"",""1.34"",""2.37"",""1.65"",""1.13"",""2.77"",""1.48"",""2.60"",""Crotone"",""1.06"",""0.63"",""1.69"",""0.88"",""1.51"",""1.86"",""1.38"",""3.24"",""1.76"",""3.14"",""1"""
"Bologna,""1.44"",""1.03"",""2.47"",""1.34"",""2.37"",""1.65"",""1.13"",""2.77"",""1.48"",""2.60"",""Parma"",""1.12"",""0.80"",""1.92"",""1.01"",""1.82"",""1.60"",""1.23"",""2.83"",""1.55"",""2.78"",""1"""
"Fiorentina,""1.18"",""0.83"",""2.01"",""1.06"",""1.89"",""1.62"",""1.14"",""2.75"",""1.39"",""2.53"",""Inter"",""1.95"",""1.38"",""3.34"",""1.77"",""3.15"",""1.05"",""0.68"",""1.73"",""0.90"",""1.58"",""2"""
"Fiorentina,""1.18"",""0.83"",""2.01"",""1.06"",""1.89"",""1.62"",""1.14"",""2.75"",""1.39"",""2.53"",""Milan"",""1.86"",""1.15"",""3.02"",""1.47"",""2.63"",""1.24"",""0.88"",""2.11"",""1.14"",""2.01"",""2"""
"Fiorentina,""1.18"",""0.83"",""2.01"",""1.06"",""1.89"",""1.62"",""1.14"",""2.75"",""1.39"",""2.53"",""Atalanta"",""1.97"",""1.46"",""3.43"",""1.82"",""3.28"",""1.08"",""0.68"",""1.76"",""0.91"",""1.60"",""2"""
"Fiorentina,""1.18"",""0.83"",""2.01"",""1.06"",""1.89"",""1.62"",""1.14"",""2.75"",""1.39"",""2.53"",""Juventus"",""1.96"",""1.45"",""3.41"",""1.76"",""3.21"",""1.04"",""0.66"",""1.69"",""0.85"",""1.51"",""X"""
"Fiorentina,""1.18"",""0.83"",""2.01"",""1.06"",""1.89"",""1.62"",""1.14"",""2.75"",""1.39"",""2.53"",""Napoli"",""1.78"",""1.23"",""3.02"",""1.62"",""2.85"",""1.12"",""0.73"",""1.85"",""1.02"",""1.75"",""2"""
"Fiorentina,""1.18"",""0.83"",""2.01"",""1.06"",""1.89"",""1.62"",""1.14"",""2.75"",""1.39"",""2.53"",""Lazio"",""1.53"",""1.04"",""2.57"",""1.33"",""2.37"",""1.24"",""0.75"",""2.00"",""1.02"",""1.78"",""1"""
"Fiorentina,""1.18"",""0.83"",""2.01"",""1.06"",""1.89"",""1.62"",""1.14"",""2.75"",""1.39"",""2.53"",""Roma"",""1.72"",""1.27"",""2.98"",""1.55"",""2.82"",""1.20"",""0.80"",""2.00"",""1.08"",""1.88"",""2"""
"Fiorentina,""1.18"",""0.83"",""2.01"",""1.06"",""1.89"",""1.62"",""1.14"",""2.75"",""1.39"",""2.53"",""Sassuolo"",""1.54"",""0.90"",""2.43"",""1.26"",""2.15"",""1.46"",""1.09"",""2.55"",""1.36"",""2.45"",""X"""
"Fiorentina,""1.18"",""0.83"",""2.01"",""1.06"",""1.89"",""1.62"",""1.14"",""2.75"",""1.39"",""2.53"",""Sampdoria"",""1.20"",""0.84"",""2.04"",""1.08"",""1.92"",""1.48"",""0.94"",""2.42"",""1.29"",""2.24"",""2"""
"Fiorentina,""1.18"",""0.83"",""2.01"",""1.06"",""1.89"",""1.62"",""1.14"",""2.75"",""1.39"",""2.53"",""Hellas Verona"",""1.19"",""0.88"",""2.08"",""1.13"",""2.01"",""1.30"",""0.86"",""2.16"",""1.17"",""2.03"",""X"""
"Fiorentina,""1.18"",""0.83"",""2.01"",""1.06"",""1.89"",""1.62"",""1.14"",""2.75"",""1.39"",""2.53"",""Genoa"",""1.02"",""0.69"",""1.72"",""0.94"",""1.63"",""1.59"",""1.15"",""2.74"",""1.46"",""2.61"",""X"""
"Fiorentina,""1.18"",""0.83"",""2.01"",""1.06"",""1.89"",""1.62"",""1.14"",""2.75"",""1.39"",""2.53"",""Bologna"",""1.44"",""1.03"",""2.47"",""1.34"",""2.37"",""1.65"",""1.13"",""2.77"",""1.48"",""2.60"",""X"""
"Fiorentina,""1.18"",""0.83"",""2.01"",""1.06"",""1.89"",""1.62"",""1.14"",""2.75"",""1.39"",""2.53"",""Udinese"",""1.20"",""0.79"",""1.99"",""1.13"",""1.92"",""1.38"",""0.87"",""2.25"",""1.11"",""1.97"",""1"""
"Fiorentina,""1.18"",""0.83"",""2.01"",""1.06"",""1.89"",""1.62"",""1.14"",""2.75"",""1.39"",""2.53"",""Spezia"",""1.23"",""0.82"",""2.05"",""1.12"",""1.94"",""1.71"",""1.17"",""2.88"",""1.51"",""2.68"",""1"""
"Fiorentina,""1.18"",""0.83"",""2.01"",""1.06"",""1.89"",""1.62"",""1.14"",""2.75"",""1.39"",""2.53"",""Cagliari"",""1.24"",""0.90"",""2.14"",""1.14"",""2.04"",""1.62"",""1.24"",""2.86"",""1.52"",""2.76"",""1"""
"Fiorentina,""1.18"",""0.83"",""2.01"",""1.06"",""1.89"",""1.62"",""1.14"",""2.75"",""1.39"",""2.53"",""Torino"",""1.32"",""0.85"",""2.16"",""1.19"",""2.04"",""1.63"",""1.09"",""2.72"",""1.43"",""2.52"",""1"""
"Fiorentina,""1.18"",""0.83"",""2.01"",""1.06"",""1.89"",""1.62"",""1.14"",""2.75"",""1.39"",""2.53"",""Benevento"",""1.07"",""0.73"",""1.79"",""0.92"",""1.65"",""1.69"",""1.22"",""2.91"",""1.59"",""2.81"",""2"""
"Fiorentina,""1.18"",""0.83"",""2.01"",""1.06"",""1.89"",""1.62"",""1.14"",""2.75"",""1.39"",""2.53"",""Crotone"",""1.06"",""0.63"",""1.69"",""0.88"",""1.51"",""1.86"",""1.38"",""3.24"",""1.76"",""3.14"",""1"""
"Fiorentina,""1.18"",""0.83"",""2.01"",""1.06"",""1.89"",""1.62"",""1.14"",""2.75"",""1.39"",""2.53"",""Parma"",""1.12"",""0.80"",""1.92"",""1.01"",""1.82"",""1.60"",""1.23"",""2.83"",""1.55"",""2.78"",""X"""
"Udinese,""1.20"",""0.79"",""1.99"",""1.13"",""1.92"",""1.38"",""0.87"",""2.25"",""1.11"",""1.97"",""Inter"",""1.95"",""1.38"",""3.34"",""1.77"",""3.15"",""1.05"",""0.68"",""1.73"",""0.90"",""1.58"",""X"""
"Udinese,""1.20"",""0.79"",""1.99"",""1.13"",""1.92"",""1.38"",""0.87"",""2.25"",""1.11"",""1.97"",""Milan"",""1.86"",""1.15"",""3.02"",""1.47"",""2.63"",""1.24"",""0.88"",""2.11"",""1.14"",""2.01"",""2"""
"Udinese,""1.20"",""0.79"",""1.99"",""1.13"",""1.92"",""1.38"",""0.87"",""2.25"",""1.11"",""1.97"",""Atalanta"",""1.97"",""1.46"",""3.43"",""1.82"",""3.28"",""1.08"",""0.68"",""1.76"",""0.91"",""1.60"",""X"""
"Udinese,""1.20"",""0.79"",""1.99"",""1.13"",""1.92"",""1.38"",""0.87"",""2.25"",""1.11"",""1.97"",""Juventus"",""1.96"",""1.45"",""3.41"",""1.76"",""3.21"",""1.04"",""0.66"",""1.69"",""0.85"",""1.51"",""2"""
"Udinese,""1.20"",""0.79"",""1.99"",""1.13"",""1.92"",""1.38"",""0.87"",""2.25"",""1.11"",""1.97"",""Napoli"",""1.78"",""1.23"",""3.02"",""1.62"",""2.85"",""1.12"",""0.73"",""1.85"",""1.02"",""1.75"",""2"""
"Udinese,""1.20"",""0.79"",""1.99"",""1.13"",""1.92"",""1.38"",""0.87"",""2.25"",""1.11"",""1.97"",""Lazio"",""1.53"",""1.04"",""2.57"",""1.33"",""2.37"",""1.24"",""0.75"",""2.00"",""1.02"",""1.78"",""2"""
"Udinese,""1.20"",""0.79"",""1.99"",""1.13"",""1.92"",""1.38"",""0.87"",""2.25"",""1.11"",""1.97"",""Roma"",""1.72"",""1.27"",""2.98"",""1.55"",""2.82"",""1.20"",""0.80"",""2.00"",""1.08"",""1.88"",""2"""
"Udinese,""1.20"",""0.79"",""1.99"",""1.13"",""1.92"",""1.38"",""0.87"",""2.25"",""1.11"",""1.97"",""Sassuolo"",""1.54"",""0.90"",""2.43"",""1.26"",""2.15"",""1.46"",""1.09"",""2.55"",""1.36"",""2.45"",""1"""
"Udinese,""1.20"",""0.79"",""1.99"",""1.13"",""1.92"",""1.38"",""0.87"",""2.25"",""1.11"",""1.97"",""Sampdoria"",""1.20"",""0.84"",""2.04"",""1.08"",""1.92"",""1.48"",""0.94"",""2.42"",""1.29"",""2.24"",""2"""
"Udinese,""1.20"",""0.79"",""1.99"",""1.13"",""1.92"",""1.38"",""0.87"",""2.25"",""1.11"",""1.97"",""Hellas Verona"",""1.19"",""0.88"",""2.08"",""1.13"",""2.01"",""1.30"",""0.86"",""2.16"",""1.17"",""2.03"",""1"""
"Udinese,""1.20"",""0.79"",""1.99"",""1.13"",""1.92"",""1.38"",""0.87"",""2.25"",""1.11"",""1.97"",""Genoa"",""1.02"",""0.69"",""1.72"",""0.94"",""1.63"",""1.59"",""1.15"",""2.74"",""1.46"",""2.61"",""1"""
"Udinese,""1.20"",""0.79"",""1.99"",""1.13"",""1.92"",""1.38"",""0.87"",""2.25"",""1.11"",""1.97"",""Bologna"",""1.44"",""1.03"",""2.47"",""1.34"",""2.37"",""1.65"",""1.13"",""2.77"",""1.48"",""2.60"",""X"""
"Udinese,""1.20"",""0.79"",""1.99"",""1.13"",""1.92"",""1.38"",""0.87"",""2.25"",""1.11"",""1.97"",""Fiorentina"",""1.18"",""0.83"",""2.01"",""1.06"",""1.89"",""1.62"",""1.14"",""2.75"",""1.39"",""2.53"",""1"""
"Udinese,""1.20"",""0.79"",""1.99"",""1.13"",""1.92"",""1.38"",""0.87"",""2.25"",""1.11"",""1.97"",""Spezia"",""1.23"",""0.82"",""2.05"",""1.12"",""1.94"",""1.71"",""1.17"",""2.88"",""1.51"",""2.68"",""2"""
"Udinese,""1.20"",""0.79"",""1.99"",""1.13"",""1.92"",""1.38"",""0.87"",""2.25"",""1.11"",""1.97"",""Cagliari"",""1.24"",""0.90"",""2.14"",""1.14"",""2.04"",""1.62"",""1.24"",""2.86"",""1.52"",""2.76"",""2"""
"Udinese,""1.20"",""0.79"",""1.99"",""1.13"",""1.92"",""1.38"",""0.87"",""2.25"",""1.11"",""1.97"",""Torino"",""1.32"",""0.85"",""2.16"",""1.19"",""2.04"",""1.63"",""1.09"",""2.72"",""1.43"",""2.52"",""2"""
"Udinese,""1.20"",""0.79"",""1.99"",""1.13"",""1.92"",""1.38"",""0.87"",""2.25"",""1.11"",""1.97"",""Benevento"",""1.07"",""0.73"",""1.79"",""0.92"",""1.65"",""1.69"",""1.22"",""2.91"",""1.59"",""2.81"",""2"""
"Udinese,""1.20"",""0.79"",""1.99"",""1.13"",""1.92"",""1.38"",""0.87"",""2.25"",""1.11"",""1.97"",""Crotone"",""1.06"",""0.63"",""1.69"",""0.88"",""1.51"",""1.86"",""1.38"",""3.24"",""1.76"",""3.14"",""X"""
"Udinese,""1.20"",""0.79"",""1.99"",""1.13"",""1.92"",""1.38"",""0.87"",""2.25"",""1.11"",""1.97"",""Parma"",""1.12"",""0.80"",""1.92"",""1.01"",""1.82"",""1.60"",""1.23"",""2.83"",""1.55"",""2.78"",""1"""
"Spezia,""1.23"",""0.82"",""2.05"",""1.12"",""1.94"",""1.71"",""1.17"",""2.88"",""1.51"",""2.68"",""Inter"",""1.95"",""1.38"",""3.34"",""1.77"",""3.15"",""1.05"",""0.68"",""1.73"",""0.90"",""1.58"",""X"""
"Spezia,""1.23"",""0.82"",""2.05"",""1.12"",""1.94"",""1.71"",""1.17"",""2.88"",""1.51"",""2.68"",""Milan"",""1.86"",""1.15"",""3.02"",""1.47"",""2.63"",""1.24"",""0.88"",""2.11"",""1.14"",""2.01"",""1"""
"Spezia,""1.23"",""0.82"",""2.05"",""1.12"",""1.94"",""1.71"",""1.17"",""2.88"",""1.51"",""2.68"",""Atalanta"",""1.97"",""1.46"",""3.43"",""1.82"",""3.28"",""1.08"",""0.68"",""1.76"",""0.91"",""1.60"",""X"""
"Spezia,""1.23"",""0.82"",""2.05"",""1.12"",""1.94"",""1.71"",""1.17"",""2.88"",""1.51"",""2.68"",""Juventus"",""1.96"",""1.45"",""3.41"",""1.76"",""3.21"",""1.04"",""0.66"",""1.69"",""0.85"",""1.51"",""2"""
"Spezia,""1.23"",""0.82"",""2.05"",""1.12"",""1.94"",""1.71"",""1.17"",""2.88"",""1.51"",""2.68"",""Napoli"",""1.78"",""1.23"",""3.02"",""1.62"",""2.85"",""1.12"",""0.73"",""1.85"",""1.02"",""1.75"",""2"""
"Spezia,""1.23"",""0.82"",""2.05"",""1.12"",""1.94"",""1.71"",""1.17"",""2.88"",""1.51"",""2.68"",""Lazio"",""1.53"",""1.04"",""2.57"",""1.33"",""2.37"",""1.24"",""0.75"",""2.00"",""1.02"",""1.78"",""2"""
"Spezia,""1.23"",""0.82"",""2.05"",""1.12"",""1.94"",""1.71"",""1.17"",""2.88"",""1.51"",""2.68"",""Roma"",""1.72"",""1.27"",""2.98"",""1.55"",""2.82"",""1.20"",""0.80"",""2.00"",""1.08"",""1.88"",""X"""
"Spezia,""1.23"",""0.82"",""2.05"",""1.12"",""1.94"",""1.71"",""1.17"",""2.88"",""1.51"",""2.68"",""Sassuolo"",""1.54"",""0.90"",""2.43"",""1.26"",""2.15"",""1.46"",""1.09"",""2.55"",""1.36"",""2.45"",""2"""
"Spezia,""1.23"",""0.82"",""2.05"",""1.12"",""1.94"",""1.71"",""1.17"",""2.88"",""1.51"",""2.68"",""Sampdoria"",""1.20"",""0.84"",""2.04"",""1.08"",""1.92"",""1.48"",""0.94"",""2.42"",""1.29"",""2.24"",""1"""
"Spezia,""1.23"",""0.82"",""2.05"",""1.12"",""1.94"",""1.71"",""1.17"",""2.88"",""1.51"",""2.68"",""Hellas Verona"",""1.19"",""0.88"",""2.08"",""1.13"",""2.01"",""1.30"",""0.86"",""2.16"",""1.17"",""2.03"",""2"""
"Spezia,""1.23"",""0.82"",""2.05"",""1.12"",""1.94"",""1.71"",""1.17"",""2.88"",""1.51"",""2.68"",""Genoa"",""1.02"",""0.69"",""1.72"",""0.94"",""1.63"",""1.59"",""1.15"",""2.74"",""1.46"",""2.61"",""2"""
"Spezia,""1.23"",""0.82"",""2.05"",""1.12"",""1.94"",""1.71"",""1.17"",""2.88"",""1.51"",""2.68"",""Bologna"",""1.44"",""1.03"",""2.47"",""1.34"",""2.37"",""1.65"",""1.13"",""2.77"",""1.48"",""2.60"",""X"""
"Spezia,""1.23"",""0.82"",""2.05"",""1.12"",""1.94"",""1.71"",""1.17"",""2.88"",""1.51"",""2.68"",""Fiorentina"",""1.18"",""0.83"",""2.01"",""1.06"",""1.89"",""1.62"",""1.14"",""2.75"",""1.39"",""2.53"",""X"""
"Spezia,""1.23"",""0.82"",""2.05"",""1.12"",""1.94"",""1.71"",""1.17"",""2.88"",""1.51"",""2.68"",""Udinese"",""1.20"",""0.79"",""1.99"",""1.13"",""1.92"",""1.38"",""0.87"",""2.25"",""1.11"",""1.97"",""2"""
"Spezia,""1.23"",""0.82"",""2.05"",""1.12"",""1.94"",""1.71"",""1.17"",""2.88"",""1.51"",""2.68"",""Cagliari"",""1.24"",""0.90"",""2.14"",""1.14"",""2.04"",""1.62"",""1.24"",""2.86"",""1.52"",""2.76"",""1"""
"Spezia,""1.23"",""0.82"",""2.05"",""1.12"",""1.94"",""1.71"",""1.17"",""2.88"",""1.51"",""2.68"",""Torino"",""1.32"",""0.85"",""2.16"",""1.19"",""2.04"",""1.63"",""1.09"",""2.72"",""1.43"",""2.52"",""1"""
"Spezia,""1.23"",""0.82"",""2.05"",""1.12"",""1.94"",""1.71"",""1.17"",""2.88"",""1.51"",""2.68"",""Benevento"",""1.07"",""0.73"",""1.79"",""0.92"",""1.65"",""1.69"",""1.22"",""2.91"",""1.59"",""2.81"",""X"""
"Spezia,""1.23"",""0.82"",""2.05"",""1.12"",""1.94"",""1.71"",""1.17"",""2.88"",""1.51"",""2.68"",""Crotone"",""1.06"",""0.63"",""1.69"",""0.88"",""1.51"",""1.86"",""1.38"",""3.24"",""1.76"",""3.14"",""1"""
"Spezia,""1.23"",""0.82"",""2.05"",""1.12"",""1.94"",""1.71"",""1.17"",""2.88"",""1.51"",""2.68"",""Parma"",""1.12"",""0.80"",""1.92"",""1.01"",""1.82"",""1.60"",""1.23"",""2.83"",""1.55"",""2.78"",""X"""
"Cagliari,""1.24"",""0.90"",""2.14"",""1.14"",""2.04"",""1.62"",""1.24"",""2.86"",""1.52"",""2.76"",""Inter"",""1.95"",""1.38"",""3.34"",""1.77"",""3.15"",""1.05"",""0.68"",""1.73"",""0.90"",""1.58"",""2"""
"Cagliari,""1.24"",""0.90"",""2.14"",""1.14"",""2.04"",""1.62"",""1.24"",""2.86"",""1.52"",""2.76"",""Milan"",""1.86"",""1.15"",""3.02"",""1.47"",""2.63"",""1.24"",""0.88"",""2.11"",""1.14"",""2.01"",""2"""
"Cagliari,""1.24"",""0.90"",""2.14"",""1.14"",""2.04"",""1.62"",""1.24"",""2.86"",""1.52"",""2.76"",""Atalanta"",""1.97"",""1.46"",""3.43"",""1.82"",""3.28"",""1.08"",""0.68"",""1.76"",""0.91"",""1.60"",""2"""
"Cagliari,""1.24"",""0.90"",""2.14"",""1.14"",""2.04"",""1.62"",""1.24"",""2.86"",""1.52"",""2.76"",""Juventus"",""1.96"",""1.45"",""3.41"",""1.76"",""3.21"",""1.04"",""0.66"",""1.69"",""0.85"",""1.51"",""2"""
"Cagliari,""1.24"",""0.90"",""2.14"",""1.14"",""2.04"",""1.62"",""1.24"",""2.86"",""1.52"",""2.76"",""Napoli"",""1.78"",""1.23"",""3.02"",""1.62"",""2.85"",""1.12"",""0.73"",""1.85"",""1.02"",""1.75"",""2"""
"Cagliari,""1.24"",""0.90"",""2.14"",""1.14"",""2.04"",""1.62"",""1.24"",""2.86"",""1.52"",""2.76"",""Lazio"",""1.53"",""1.04"",""2.57"",""1.33"",""2.37"",""1.24"",""0.75"",""2.00"",""1.02"",""1.78"",""2"""
"Cagliari,""1.24"",""0.90"",""2.14"",""1.14"",""2.04"",""1.62"",""1.24"",""2.86"",""1.52"",""2.76"",""Roma"",""1.72"",""1.27"",""2.98"",""1.55"",""2.82"",""1.20"",""0.80"",""2.00"",""1.08"",""1.88"",""1"""
"Cagliari,""1.24"",""0.90"",""2.14"",""1.14"",""2.04"",""1.62"",""1.24"",""2.86"",""1.52"",""2.76"",""Sassuolo"",""1.54"",""0.90"",""2.43"",""1.26"",""2.15"",""1.46"",""1.09"",""2.55"",""1.36"",""2.45"",""X"""
"Cagliari,""1.24"",""0.90"",""2.14"",""1.14"",""2.04"",""1.62"",""1.24"",""2.86"",""1.52"",""2.76"",""Sampdoria"",""1.20"",""0.84"",""2.04"",""1.08"",""1.92"",""1.48"",""0.94"",""2.42"",""1.29"",""2.24"",""1"""
"Cagliari,""1.24"",""0.90"",""2.14"",""1.14"",""2.04"",""1.62"",""1.24"",""2.86"",""1.52"",""2.76"",""Hellas Verona"",""1.19"",""0.88"",""2.08"",""1.13"",""2.01"",""1.30"",""0.86"",""2.16"",""1.17"",""2.03"",""2"""
"Cagliari,""1.24"",""0.90"",""2.14"",""1.14"",""2.04"",""1.62"",""1.24"",""2.86"",""1.52"",""2.76"",""Genoa"",""1.02"",""0.69"",""1.72"",""0.94"",""1.63"",""1.59"",""1.15"",""2.74"",""1.46"",""2.61"",""2"""
"Cagliari,""1.24"",""0.90"",""2.14"",""1.14"",""2.04"",""1.62"",""1.24"",""2.86"",""1.52"",""2.76"",""Bologna"",""1.44"",""1.03"",""2.47"",""1.34"",""2.37"",""1.65"",""1.13"",""2.77"",""1.48"",""2.60"",""1"""
"Cagliari,""1.24"",""0.90"",""2.14"",""1.14"",""2.04"",""1.62"",""1.24"",""2.86"",""1.52"",""2.76"",""Fiorentina"",""1.18"",""0.83"",""2.01"",""1.06"",""1.89"",""1.62"",""1.14"",""2.75"",""1.39"",""2.53"",""X"""
"Cagliari,""1.24"",""0.90"",""2.14"",""1.14"",""2.04"",""1.62"",""1.24"",""2.86"",""1.52"",""2.76"",""Udinese"",""1.20"",""0.79"",""1.99"",""1.13"",""1.92"",""1.38"",""0.87"",""2.25"",""1.11"",""1.97"",""X"""
"Cagliari,""1.24"",""0.90"",""2.14"",""1.14"",""2.04"",""1.62"",""1.24"",""2.86"",""1.52"",""2.76"",""Spezia"",""1.23"",""0.82"",""2.05"",""1.12"",""1.94"",""1.71"",""1.17"",""2.88"",""1.51"",""2.68"",""X"""
"Cagliari,""1.24"",""0.90"",""2.14"",""1.14"",""2.04"",""1.62"",""1.24"",""2.86"",""1.52"",""2.76"",""Torino"",""1.32"",""0.85"",""2.16"",""1.19"",""2.04"",""1.63"",""1.09"",""2.72"",""1.43"",""2.52"",""2"""
"Cagliari,""1.24"",""0.90"",""2.14"",""1.14"",""2.04"",""1.62"",""1.24"",""2.86"",""1.52"",""2.76"",""Benevento"",""1.07"",""0.73"",""1.79"",""0.92"",""1.65"",""1.69"",""1.22"",""2.91"",""1.59"",""2.81"",""2"""
"Cagliari,""1.24"",""0.90"",""2.14"",""1.14"",""2.04"",""1.62"",""1.24"",""2.86"",""1.52"",""2.76"",""Crotone"",""1.06"",""0.63"",""1.69"",""0.88"",""1.51"",""1.86"",""1.38"",""3.24"",""1.76"",""3.14"",""1"""
"Cagliari,""1.24"",""0.90"",""2.14"",""1.14"",""2.04"",""1.62"",""1.24"",""2.86"",""1.52"",""2.76"",""Parma"",""1.12"",""0.80"",""1.92"",""1.01"",""1.82"",""1.60"",""1.23"",""2.83"",""1.55"",""2.78"",""1"""
"Torino,""1.32"",""0.85"",""2.16"",""1.19"",""2.04"",""1.63"",""1.09"",""2.72"",""1.43"",""2.52"",""Inter"",""1.95"",""1.38"",""3.34"",""1.77"",""3.15"",""1.05"",""0.68"",""1.73"",""0.90"",""1.58"",""2"""
"Torino,""1.32"",""0.85"",""2.16"",""1.19"",""2.04"",""1.63"",""1.09"",""2.72"",""1.43"",""2.52"",""Milan"",""1.86"",""1.15"",""3.02"",""1.47"",""2.63"",""1.24"",""0.88"",""2.11"",""1.14"",""2.01"",""2"""
"Torino,""1.32"",""0.85"",""2.16"",""1.19"",""2.04"",""1.63"",""1.09"",""2.72"",""1.43"",""2.52"",""Atalanta"",""1.97"",""1.46"",""3.43"",""1.82"",""3.28"",""1.08"",""0.68"",""1.76"",""0.91"",""1.60"",""2"""
"Torino,""1.32"",""0.85"",""2.16"",""1.19"",""2.04"",""1.63"",""1.09"",""2.72"",""1.43"",""2.52"",""Juventus"",""1.96"",""1.45"",""3.41"",""1.76"",""3.21"",""1.04"",""0.66"",""1.69"",""0.85"",""1.51"",""X"""
"Torino,""1.32"",""0.85"",""2.16"",""1.19"",""2.04"",""1.63"",""1.09"",""2.72"",""1.43"",""2.52"",""Napoli"",""1.78"",""1.23"",""3.02"",""1.62"",""2.85"",""1.12"",""0.73"",""1.85"",""1.02"",""1.75"",""2"""
"Torino,""1.32"",""0.85"",""2.16"",""1.19"",""2.04"",""1.63"",""1.09"",""2.72"",""1.43"",""2.52"",""Lazio"",""1.53"",""1.04"",""2.57"",""1.33"",""2.37"",""1.24"",""0.75"",""2.00"",""1.02"",""1.78"",""2"""
"Torino,""1.32"",""0.85"",""2.16"",""1.19"",""2.04"",""1.63"",""1.09"",""2.72"",""1.43"",""2.52"",""Roma"",""1.72"",""1.27"",""2.98"",""1.55"",""2.82"",""1.20"",""0.80"",""2.00"",""1.08"",""1.88"",""1"""
"Torino,""1.32"",""0.85"",""2.16"",""1.19"",""2.04"",""1.63"",""1.09"",""2.72"",""1.43"",""2.52"",""Sassuolo"",""1.54"",""0.90"",""2.43"",""1.26"",""2.15"",""1.46"",""1.09"",""2.55"",""1.36"",""2.45"",""1"""
"Torino,""1.32"",""0.85"",""2.16"",""1.19"",""2.04"",""1.63"",""1.09"",""2.72"",""1.43"",""2.52"",""Sampdoria"",""1.20"",""0.84"",""2.04"",""1.08"",""1.92"",""1.48"",""0.94"",""2.42"",""1.29"",""2.24"",""X"""
"Torino,""1.32"",""0.85"",""2.16"",""1.19"",""2.04"",""1.63"",""1.09"",""2.72"",""1.43"",""2.52"",""Hellas Verona"",""1.19"",""0.88"",""2.08"",""1.13"",""2.01"",""1.30"",""0.86"",""2.16"",""1.17"",""2.03"",""X"""
"Torino,""1.32"",""0.85"",""2.16"",""1.19"",""2.04"",""1.63"",""1.09"",""2.72"",""1.43"",""2.52"",""Genoa"",""1.02"",""0.69"",""1.72"",""0.94"",""1.63"",""1.59"",""1.15"",""2.74"",""1.46"",""2.61"",""X"""
"Torino,""1.32"",""0.85"",""2.16"",""1.19"",""2.04"",""1.63"",""1.09"",""2.72"",""1.43"",""2.52"",""Bologna"",""1.44"",""1.03"",""2.47"",""1.34"",""2.37"",""1.65"",""1.13"",""2.77"",""1.48"",""2.60"",""X"""
"Torino,""1.32"",""0.85"",""2.16"",""1.19"",""2.04"",""1.63"",""1.09"",""2.72"",""1.43"",""2.52"",""Fiorentina"",""1.18"",""0.83"",""2.01"",""1.06"",""1.89"",""1.62"",""1.14"",""2.75"",""1.39"",""2.53"",""X"""
"Torino,""1.32"",""0.85"",""2.16"",""1.19"",""2.04"",""1.63"",""1.09"",""2.72"",""1.43"",""2.52"",""Udinese"",""1.20"",""0.79"",""1.99"",""1.13"",""1.92"",""1.38"",""0.87"",""2.25"",""1.11"",""1.97"",""2"""
"Torino,""1.32"",""0.85"",""2.16"",""1.19"",""2.04"",""1.63"",""1.09"",""2.72"",""1.43"",""2.52"",""Spezia"",""1.23"",""0.82"",""2.05"",""1.12"",""1.94"",""1.71"",""1.17"",""2.88"",""1.51"",""2.68"",""X"""
"Torino,""1.32"",""0.85"",""2.16"",""1.19"",""2.04"",""1.63"",""1.09"",""2.72"",""1.43"",""2.52"",""Cagliari"",""1.24"",""0.90"",""2.14"",""1.14"",""2.04"",""1.62"",""1.24"",""2.86"",""1.52"",""2.76"",""2"""
"Torino,""1.32"",""0.85"",""2.16"",""1.19"",""2.04"",""1.63"",""1.09"",""2.72"",""1.43"",""2.52"",""Benevento"",""1.07"",""0.73"",""1.79"",""0.92"",""1.65"",""1.69"",""1.22"",""2.91"",""1.59"",""2.81"",""X"""
"Torino,""1.32"",""0.85"",""2.16"",""1.19"",""2.04"",""1.63"",""1.09"",""2.72"",""1.43"",""2.52"",""Crotone"",""1.06"",""0.63"",""1.69"",""0.88"",""1.51"",""1.86"",""1.38"",""3.24"",""1.76"",""3.14"",""X"""
"Torino,""1.32"",""0.85"",""2.16"",""1.19"",""2.04"",""1.63"",""1.09"",""2.72"",""1.43"",""2.52"",""Parma"",""1.12"",""0.80"",""1.92"",""1.01"",""1.82"",""1.60"",""1.23"",""2.83"",""1.55"",""2.78"",""1"""
"Benevento,""1.07"",""0.73"",""1.79"",""0.92"",""1.65"",""1.69"",""1.22"",""2.91"",""1.59"",""2.81"",""Inter"",""1.95"",""1.38"",""3.34"",""1.77"",""3.15"",""1.05"",""0.68"",""1.73"",""0.90"",""1.58"",""2"""
"Benevento,""1.07"",""0.73"",""1.79"",""0.92"",""1.65"",""1.69"",""1.22"",""2.91"",""1.59"",""2.81"",""Milan"",""1.86"",""1.15"",""3.02"",""1.47"",""2.63"",""1.24"",""0.88"",""2.11"",""1.14"",""2.01"",""2"""
"Benevento,""1.07"",""0.73"",""1.79"",""0.92"",""1.65"",""1.69"",""1.22"",""2.91"",""1.59"",""2.81"",""Atalanta"",""1.97"",""1.46"",""3.43"",""1.82"",""3.28"",""1.08"",""0.68"",""1.76"",""0.91"",""1.60"",""2"""
"Benevento,""1.07"",""0.73"",""1.79"",""0.92"",""1.65"",""1.69"",""1.22"",""2.91"",""1.59"",""2.81"",""Juventus"",""1.96"",""1.45"",""3.41"",""1.76"",""3.21"",""1.04"",""0.66"",""1.69"",""0.85"",""1.51"",""X"""
"Benevento,""1.07"",""0.73"",""1.79"",""0.92"",""1.65"",""1.69"",""1.22"",""2.91"",""1.59"",""2.81"",""Napoli"",""1.78"",""1.23"",""3.02"",""1.62"",""2.85"",""1.12"",""0.73"",""1.85"",""1.02"",""1.75"",""2"""
"Benevento,""1.07"",""0.73"",""1.79"",""0.92"",""1.65"",""1.69"",""1.22"",""2.91"",""1.59"",""2.81"",""Lazio"",""1.53"",""1.04"",""2.57"",""1.33"",""2.37"",""1.24"",""0.75"",""2.00"",""1.02"",""1.78"",""X"""
"Benevento,""1.07"",""0.73"",""1.79"",""0.92"",""1.65"",""1.69"",""1.22"",""2.91"",""1.59"",""2.81"",""Roma"",""1.72"",""1.27"",""2.98"",""1.55"",""2.82"",""1.20"",""0.80"",""2.00"",""1.08"",""1.88"",""X"""
"Benevento,""1.07"",""0.73"",""1.79"",""0.92"",""1.65"",""1.69"",""1.22"",""2.91"",""1.59"",""2.81"",""Sassuolo"",""1.54"",""0.90"",""2.43"",""1.26"",""2.15"",""1.46"",""1.09"",""2.55"",""1.36"",""2.45"",""2"""
"Benevento,""1.07"",""0.73"",""1.79"",""0.92"",""1.65"",""1.69"",""1.22"",""2.91"",""1.59"",""2.81"",""Sampdoria"",""1.20"",""0.84"",""2.04"",""1.08"",""1.92"",""1.48"",""0.94"",""2.42"",""1.29"",""2.24"",""X"""
"Benevento,""1.07"",""0.73"",""1.79"",""0.92"",""1.65"",""1.69"",""1.22"",""2.91"",""1.59"",""2.81"",""Hellas Verona"",""1.19"",""0.88"",""2.08"",""1.13"",""2.01"",""1.30"",""0.86"",""2.16"",""1.17"",""2.03"",""2"""
"Benevento,""1.07"",""0.73"",""1.79"",""0.92"",""1.65"",""1.69"",""1.22"",""2.91"",""1.59"",""2.81"",""Genoa"",""1.02"",""0.69"",""1.72"",""0.94"",""1.63"",""1.59"",""1.15"",""2.74"",""1.46"",""2.61"",""1"""
"Benevento,""1.07"",""0.73"",""1.79"",""0.92"",""1.65"",""1.69"",""1.22"",""2.91"",""1.59"",""2.81"",""Bologna"",""1.44"",""1.03"",""2.47"",""1.34"",""2.37"",""1.65"",""1.13"",""2.77"",""1.48"",""2.60"",""1"""
"Benevento,""1.07"",""0.73"",""1.79"",""0.92"",""1.65"",""1.69"",""1.22"",""2.91"",""1.59"",""2.81"",""Fiorentina"",""1.18"",""0.83"",""2.01"",""1.06"",""1.89"",""1.62"",""1.14"",""2.75"",""1.39"",""2.53"",""2"""
"Benevento,""1.07"",""0.73"",""1.79"",""0.92"",""1.65"",""1.69"",""1.22"",""2.91"",""1.59"",""2.81"",""Udinese"",""1.20"",""0.79"",""1.99"",""1.13"",""1.92"",""1.38"",""0.87"",""2.25"",""1.11"",""1.97"",""2"""
"Benevento,""1.07"",""0.73"",""1.79"",""0.92"",""1.65"",""1.69"",""1.22"",""2.91"",""1.59"",""2.81"",""Spezia"",""1.23"",""0.82"",""2.05"",""1.12"",""1.94"",""1.71"",""1.17"",""2.88"",""1.51"",""2.68"",""2"""
"Benevento,""1.07"",""0.73"",""1.79"",""0.92"",""1.65"",""1.69"",""1.22"",""2.91"",""1.59"",""2.81"",""Cagliari"",""1.24"",""0.90"",""2.14"",""1.14"",""2.04"",""1.62"",""1.24"",""2.86"",""1.52"",""2.76"",""2"""
"Benevento,""1.07"",""0.73"",""1.79"",""0.92"",""1.65"",""1.69"",""1.22"",""2.91"",""1.59"",""2.81"",""Torino"",""1.32"",""0.85"",""2.16"",""1.19"",""2.04"",""1.63"",""1.09"",""2.72"",""1.43"",""2.52"",""X"""
"Benevento,""1.07"",""0.73"",""1.79"",""0.92"",""1.65"",""1.69"",""1.22"",""2.91"",""1.59"",""2.81"",""Crotone"",""1.06"",""0.63"",""1.69"",""0.88"",""1.51"",""1.86"",""1.38"",""3.24"",""1.76"",""3.14"",""X"""
"Benevento,""1.07"",""0.73"",""1.79"",""0.92"",""1.65"",""1.69"",""1.22"",""2.91"",""1.59"",""2.81"",""Parma"",""1.12"",""0.80"",""1.92"",""1.01"",""1.82"",""1.60"",""1.23"",""2.83"",""1.55"",""2.78"",""X"""
"Crotone,""1.06"",""0.63"",""1.69"",""0.88"",""1.51"",""1.86"",""1.38"",""3.24"",""1.76"",""3.14"",""Inter"",""1.95"",""1.38"",""3.34"",""1.77"",""3.15"",""1.05"",""0.68"",""1.73"",""0.90"",""1.58"",""2"""
"Crotone,""1.06"",""0.63"",""1.69"",""0.88"",""1.51"",""1.86"",""1.38"",""3.24"",""1.76"",""3.14"",""Milan"",""1.86"",""1.15"",""3.02"",""1.47"",""2.63"",""1.24"",""0.88"",""2.11"",""1.14"",""2.01"",""2"""
"Crotone,""1.06"",""0.63"",""1.69"",""0.88"",""1.51"",""1.86"",""1.38"",""3.24"",""1.76"",""3.14"",""Atalanta"",""1.97"",""1.46"",""3.43"",""1.82"",""3.28"",""1.08"",""0.68"",""1.76"",""0.91"",""1.60"",""2"""
"Crotone,""1.06"",""0.63"",""1.69"",""0.88"",""1.51"",""1.86"",""1.38"",""3.24"",""1.76"",""3.14"",""Juventus"",""1.96"",""1.45"",""3.41"",""1.76"",""3.21"",""1.04"",""0.66"",""1.69"",""0.85"",""1.51"",""X"""
"Crotone,""1.06"",""0.63"",""1.69"",""0.88"",""1.51"",""1.86"",""1.38"",""3.24"",""1.76"",""3.14"",""Napoli"",""1.78"",""1.23"",""3.02"",""1.62"",""2.85"",""1.12"",""0.73"",""1.85"",""1.02"",""1.75"",""2"""
"Crotone,""1.06"",""0.63"",""1.69"",""0.88"",""1.51"",""1.86"",""1.38"",""3.24"",""1.76"",""3.14"",""Lazio"",""1.53"",""1.04"",""2.57"",""1.33"",""2.37"",""1.24"",""0.75"",""2.00"",""1.02"",""1.78"",""2"""
"Crotone,""1.06"",""0.63"",""1.69"",""0.88"",""1.51"",""1.86"",""1.38"",""3.24"",""1.76"",""3.14"",""Roma"",""1.72"",""1.27"",""2.98"",""1.55"",""2.82"",""1.20"",""0.80"",""2.00"",""1.08"",""1.88"",""2"""
"Crotone,""1.06"",""0.63"",""1.69"",""0.88"",""1.51"",""1.86"",""1.38"",""3.24"",""1.76"",""3.14"",""Sassuolo"",""1.54"",""0.90"",""2.43"",""1.26"",""2.15"",""1.46"",""1.09"",""2.55"",""1.36"",""2.45"",""2"""
"Crotone,""1.06"",""0.63"",""1.69"",""0.88"",""1.51"",""1.86"",""1.38"",""3.24"",""1.76"",""3.14"",""Sampdoria"",""1.20"",""0.84"",""2.04"",""1.08"",""1.92"",""1.48"",""0.94"",""2.42"",""1.29"",""2.24"",""2"""
"Crotone,""1.06"",""0.63"",""1.69"",""0.88"",""1.51"",""1.86"",""1.38"",""3.24"",""1.76"",""3.14"",""Hellas Verona"",""1.19"",""0.88"",""2.08"",""1.13"",""2.01"",""1.30"",""0.86"",""2.16"",""1.17"",""2.03"",""1"""
"Crotone,""1.06"",""0.63"",""1.69"",""0.88"",""1.51"",""1.86"",""1.38"",""3.24"",""1.76"",""3.14"",""Genoa"",""1.02"",""0.69"",""1.72"",""0.94"",""1.63"",""1.59"",""1.15"",""2.74"",""1.46"",""2.61"",""2"""
"Crotone,""1.06"",""0.63"",""1.69"",""0.88"",""1.51"",""1.86"",""1.38"",""3.24"",""1.76"",""3.14"",""Bologna"",""1.44"",""1.03"",""2.47"",""1.34"",""2.37"",""1.65"",""1.13"",""2.77"",""1.48"",""2.60"",""2"""
"Crotone,""1.06"",""0.63"",""1.69"",""0.88"",""1.51"",""1.86"",""1.38"",""3.24"",""1.76"",""3.14"",""Fiorentina"",""1.18"",""0.83"",""2.01"",""1.06"",""1.89"",""1.62"",""1.14"",""2.75"",""1.39"",""2.53"",""X"""
"Crotone,""1.06"",""0.63"",""1.69"",""0.88"",""1.51"",""1.86"",""1.38"",""3.24"",""1.76"",""3.14"",""Udinese"",""1.20"",""0.79"",""1.99"",""1.13"",""1.92"",""1.38"",""0.87"",""2.25"",""1.11"",""1.97"",""2"""
"Crotone,""1.06"",""0.63"",""1.69"",""0.88"",""1.51"",""1.86"",""1.38"",""3.24"",""1.76"",""3.14"",""Spezia"",""1.23"",""0.82"",""2.05"",""1.12"",""1.94"",""1.71"",""1.17"",""2.88"",""1.51"",""2.68"",""1"""
"Crotone,""1.06"",""0.63"",""1.69"",""0.88"",""1.51"",""1.86"",""1.38"",""3.24"",""1.76"",""3.14"",""Cagliari"",""1.24"",""0.90"",""2.14"",""1.14"",""2.04"",""1.62"",""1.24"",""2.86"",""1.52"",""2.76"",""2"""
"Crotone,""1.06"",""0.63"",""1.69"",""0.88"",""1.51"",""1.86"",""1.38"",""3.24"",""1.76"",""3.14"",""Torino"",""1.32"",""0.85"",""2.16"",""1.19"",""2.04"",""1.63"",""1.09"",""2.72"",""1.43"",""2.52"",""1"""
"Crotone,""1.06"",""0.63"",""1.69"",""0.88"",""1.51"",""1.86"",""1.38"",""3.24"",""1.76"",""3.14"",""Benevento"",""1.07"",""0.73"",""1.79"",""0.92"",""1.65"",""1.69"",""1.22"",""2.91"",""1.59"",""2.81"",""1"""
"Crotone,""1.06"",""0.63"",""1.69"",""0.88"",""1.51"",""1.86"",""1.38"",""3.24"",""1.76"",""3.14"",""Parma"",""1.12"",""0.80"",""1.92"",""1.01"",""1.82"",""1.60"",""1.23"",""2.83"",""1.55"",""2.78"",""1"""
"Parma,""1.12"",""0.80"",""1.92"",""1.01"",""1.82"",""1.60"",""1.23"",""2.83"",""1.55"",""2.78"",""Inter"",""1.95"",""1.38"",""3.34"",""1.77"",""3.15"",""1.05"",""0.68"",""1.73"",""0.90"",""1.58"",""2"""
"Parma,""1.12"",""0.80"",""1.92"",""1.01"",""1.82"",""1.60"",""1.23"",""2.83"",""1.55"",""2.78"",""Milan"",""1.86"",""1.15"",""3.02"",""1.47"",""2.63"",""1.24"",""0.88"",""2.11"",""1.14"",""2.01"",""2"""
"Parma,""1.12"",""0.80"",""1.92"",""1.01"",""1.82"",""1.60"",""1.23"",""2.83"",""1.55"",""2.78"",""Atalanta"",""1.97"",""1.46"",""3.43"",""1.82"",""3.28"",""1.08"",""0.68"",""1.76"",""0.91"",""1.60"",""2"""
"Parma,""1.12"",""0.80"",""1.92"",""1.01"",""1.82"",""1.60"",""1.23"",""2.83"",""1.55"",""2.78"",""Juventus"",""1.96"",""1.45"",""3.41"",""1.76"",""3.21"",""1.04"",""0.66"",""1.69"",""0.85"",""1.51"",""2"""
"Parma,""1.12"",""0.80"",""1.92"",""1.01"",""1.82"",""1.60"",""1.23"",""2.83"",""1.55"",""2.78"",""Napoli"",""1.78"",""1.23"",""3.02"",""1.62"",""2.85"",""1.12"",""0.73"",""1.85"",""1.02"",""1.75"",""2"""
"Parma,""1.12"",""0.80"",""1.92"",""1.01"",""1.82"",""1.60"",""1.23"",""2.83"",""1.55"",""2.78"",""Lazio"",""1.53"",""1.04"",""2.57"",""1.33"",""2.37"",""1.24"",""0.75"",""2.00"",""1.02"",""1.78"",""2"""
"Parma,""1.12"",""0.80"",""1.92"",""1.01"",""1.82"",""1.60"",""1.23"",""2.83"",""1.55"",""2.78"",""Roma"",""1.72"",""1.27"",""2.98"",""1.55"",""2.82"",""1.20"",""0.80"",""2.00"",""1.08"",""1.88"",""1"""
"Parma,""1.12"",""0.80"",""1.92"",""1.01"",""1.82"",""1.60"",""1.23"",""2.83"",""1.55"",""2.78"",""Sassuolo"",""1.54"",""0.90"",""2.43"",""1.26"",""2.15"",""1.46"",""1.09"",""2.55"",""1.36"",""2.45"",""2"""
"Parma,""1.12"",""0.80"",""1.92"",""1.01"",""1.82"",""1.60"",""1.23"",""2.83"",""1.55"",""2.78"",""Sampdoria"",""1.20"",""0.84"",""2.04"",""1.08"",""1.92"",""1.48"",""0.94"",""2.42"",""1.29"",""2.24"",""2"""
"Parma,""1.12"",""0.80"",""1.92"",""1.01"",""1.82"",""1.60"",""1.23"",""2.83"",""1.55"",""2.78"",""Hellas Verona"",""1.19"",""0.88"",""2.08"",""1.13"",""2.01"",""1.30"",""0.86"",""2.16"",""1.17"",""2.03"",""1"""
"Parma,""1.12"",""0.80"",""1.92"",""1.01"",""1.82"",""1.60"",""1.23"",""2.83"",""1.55"",""2.78"",""Genoa"",""1.02"",""0.69"",""1.72"",""0.94"",""1.63"",""1.59"",""1.15"",""2.74"",""1.46"",""2.61"",""2"""
"Parma,""1.12"",""0.80"",""1.92"",""1.01"",""1.82"",""1.60"",""1.23"",""2.83"",""1.55"",""2.78"",""Bologna"",""1.44"",""1.03"",""2.47"",""1.34"",""2.37"",""1.65"",""1.13"",""2.77"",""1.48"",""2.60"",""2"""
"Parma,""1.12"",""0.80"",""1.92"",""1.01"",""1.82"",""1.60"",""1.23"",""2.83"",""1.55"",""2.78"",""Fiorentina"",""1.18"",""0.83"",""2.01"",""1.06"",""1.89"",""1.62"",""1.14"",""2.75"",""1.39"",""2.53"",""X"""
"Parma,""1.12"",""0.80"",""1.92"",""1.01"",""1.82"",""1.60"",""1.23"",""2.83"",""1.55"",""2.78"",""Udinese"",""1.20"",""0.79"",""1.99"",""1.13"",""1.92"",""1.38"",""0.87"",""2.25"",""1.11"",""1.97"",""X"""
"Parma,""1.12"",""0.80"",""1.92"",""1.01"",""1.82"",""1.60"",""1.23"",""2.83"",""1.55"",""2.78"",""Spezia"",""1.23"",""0.82"",""2.05"",""1.12"",""1.94"",""1.71"",""1.17"",""2.88"",""1.51"",""2.68"",""X"""
"Parma,""1.12"",""0.80"",""1.92"",""1.01"",""1.82"",""1.60"",""1.23"",""2.83"",""1.55"",""2.78"",""Cagliari"",""1.24"",""0.90"",""2.14"",""1.14"",""2.04"",""1.62"",""1.24"",""2.86"",""1.52"",""2.76"",""X"""
"Parma,""1.12"",""0.80"",""1.92"",""1.01"",""1.82"",""1.60"",""1.23"",""2.83"",""1.55"",""2.78"",""Torino"",""1.32"",""0.85"",""2.16"",""1.19"",""2.04"",""1.63"",""1.09"",""2.72"",""1.43"",""2.52"",""2"""
"Parma,""1.12"",""0.80"",""1.92"",""1.01"",""1.82"",""1.60"",""1.23"",""2.83"",""1.55"",""2.78"",""Benevento"",""1.07"",""0.73"",""1.79"",""0.92"",""1.65"",""1.69"",""1.22"",""2.91"",""1.59"",""2.81"",""X"""
"Parma,""1.12"",""0.80"",""1.92"",""1.01"",""1.82"",""1.60"",""1.23"",""2.83"",""1.55"",""2.78"",""Crotone"",""1.06"",""0.63"",""1.69"",""0.88"",""1.51"",""1.86"",""1.38"",""3.24"",""1.76"",""3.14"",""2"""
